-- phpMyAdmin SQL Dump
-- version 4.0.10deb1
-- http://www.phpmyadmin.net
--
-- Host: localhost
-- Generation Time: Nov 14, 2017 at 07:54 AM
-- Server version: 5.5.57-0ubuntu0.14.04.1
-- PHP Version: 5.5.9-1ubuntu4.21

SET SQL_MODE = "NO_AUTO_VALUE_ON_ZERO";
SET time_zone = "+00:00";


/*!40101 SET @OLD_CHARACTER_SET_CLIENT=@@CHARACTER_SET_CLIENT */;
/*!40101 SET @OLD_CHARACTER_SET_RESULTS=@@CHARACTER_SET_RESULTS */;
/*!40101 SET @OLD_COLLATION_CONNECTION=@@COLLATION_CONNECTION */;
/*!40101 SET NAMES utf8 */;

--
-- Database: `durable`
--

-- --------------------------------------------------------

--
-- Table structure for table `asset`
--

CREATE TABLE IF NOT EXISTS `asset` (
  `id` int(11) NOT NULL AUTO_INCREMENT,
  `code` varchar(64) NOT NULL,
  `name` varchar(256) NOT NULL,
  `detail` text NOT NULL,
  `category_id` int(11) NOT NULL,
  `type_id` int(11) NOT NULL,
  `location_id` int(11) NOT NULL,
  `source_id` int(11) NOT NULL,
  `status_id` int(11) NOT NULL,
  `unit_id` int(11) NOT NULL,
  `quantity` int(11) NOT NULL,
  `available_quantity` int(11) NOT NULL,
  `come_date` varchar(20) NOT NULL,
  `update_date` timestamp NOT NULL DEFAULT CURRENT_TIMESTAMP,
  PRIMARY KEY (`id`),
  KEY `category_id` (`category_id`),
  KEY `location_id` (`location_id`),
  KEY `source_id` (`source_id`),
  KEY `status_id` (`status_id`),
  KEY `unit_id` (`unit_id`),
  KEY `type_id` (`type_id`)
) ENGINE=InnoDB  DEFAULT CHARSET=utf8 AUTO_INCREMENT=233 ;

--
-- Dumping data for table `asset`
--

INSERT INTO `asset` (`id`, `code`, `name`, `detail`, `category_id`, `type_id`, `location_id`, `source_id`, `status_id`, `unit_id`, `quantity`, `available_quantity`, `come_date`, `update_date`) VALUES
(5, '1089311', 'ตู้เก็บแผนที่พร้อมขาตั้ง', 'ไม่ต่ำกว่า44x32x20 5 ลิ้นชัก ยี่ห้อ OTANI', 12, 1, 4, 1, 2, 2, 1, 0, '23/04/2545', '2017-10-20 09:21:48'),
(6, '1089319', 'ตู้เก็บแผนที่พร้อมขาตั้ง', 'ไม่ต่ำกว่า44x32x20 5 ลิ้นชัก ยี่ห้อ OTANI', 12, 1, 4, 1, 2, 2, 1, 0, '23/4/2545', '2017-10-20 09:21:58'),
(7, '1089337', 'ตู้เก็บแผนที่พร้อมขาตั้ง', 'ไม่ต่ำกว่า44x32x20 5 ลิ้นชัก ยี่ห้อ OTANI', 12, 1, 4, 1, 2, 2, 1, 0, '23/04/2545', '2017-11-02 13:24:08'),
(8, '1597981', 'ตู้เก็บแบบแปลน', 'ชนิด 5 ลิ้นชัก ขนาด 1.20x0.90 ม.', 12, 1, 4, 1, 1, 2, 1, 0, '25/05/2550', '2017-11-02 13:24:18'),
(9, '1597982', 'ตู้เก็บแบบแปลน', 'ชนิด 5 ลิ้นชัก ขนาด 1.20x0.90 ม.', 12, 1, 4, 1, 1, 2, 1, 0, '25/05/2550', '2017-11-02 13:24:29'),
(10, '1703188', 'ตู้เก็บเอกสาร', 'แบบรางเลื่อน 4 ตู้ ยี่ห้อ ไทโย', 12, 1, 1, 2, 1, 2, 1, 0, '23/05/2554', '2017-11-02 13:24:39'),
(11, '1730206', 'ตู้หนังสือ', 'ยี่ห้อ LUCKY รุ่น S-317N', 12, 1, 1, 2, 1, 2, 1, 0, '26/06/2555', '2017-11-02 13:24:49'),
(12, '1746882', 'ตู้หนังสือ', 'ยี่ห้อ LUCKY รุ่น S-317N', 12, 1, 1, 2, 1, 2, 1, 0, '19/11/2555', '2017-11-02 13:24:59'),
(13, '1531228', 'เครื่องปรับอากาศ', 'แบบแยกส่วนขนาดไม่ต่ำกว่า 18,000 บีทียู ยี่ห้อ มิกิ รุ่น SF18-FA/SC18-CB', 12, 1, 6, 2, 5, 3, 1, 0, '26/12/2548', '2017-11-02 13:25:25'),
(14, '1533646', 'เครื่องปรับอากาศ', '(MAC) ยี่ห้อ MITSUBISH#5000127 รุ่น MCF-S18TV-T1', 12, 1, 1, 2, 5, 3, 1, 0, '31/12/2548', '2017-11-02 13:25:37'),
(15, '1864845', 'ตู้เหล็กเก็บเอกสาร', 'บานเลื่อนทึบ ยี่ห้อ ลัคกี้', 12, 1, 9, 2, 2, 2, 1, 0, '10/11/2558', '2017-11-02 13:25:55'),
(16, '1864846', 'ตู้เหล็กเก็บเอกสาร', 'บานเลื่อนทึบ ยี่ห้อ ลัคกี้', 12, 1, 8, 2, 1, 2, 1, 0, '10/11/2558', '2017-11-02 13:26:08'),
(17, '1864847', 'ตู้เหล็กเก็บเอกสาร', 'บานเลื่อนทึบ ยี่ห้อ ลัคกี่', 12, 1, 8, 2, 1, 2, 1, 0, '10/11/2558', '2017-11-02 13:26:20'),
(18, '1864848', 'ตู้เหล็กเก็บเอกสาร', 'บานเลื่อนทึบ ยี่ห้อ ลัคกี้', 12, 1, 7, 2, 1, 2, 1, 0, '10/11/2558', '2017-11-02 13:26:34'),
(19, '1864849', 'ตู้เหล็กเก็บเอกสาร', 'บานเลื่อนทึบ ยี่ห้อ ลัคกี้', 12, 1, 7, 2, 1, 2, 1, 0, '10/11/2558', '2017-11-02 13:27:23'),
(20, '1864850', 'ตู้เหล็กเก็บเอกสาร', 'บานเลื่อนทึบ ยี่ห้อ ลัคกี้', 12, 1, 6, 2, 1, 2, 1, 0, '10/11/2558', '2017-11-02 13:27:35'),
(21, '1864851', 'ตู้เหล็กเก็บเอกสาร', 'บานเลื่อนทึบ ยี่ห้อ ลัคกี้', 12, 1, 6, 2, 1, 2, 1, 0, '10/11/2558', '2017-11-02 13:27:47'),
(23, '1533647', 'เครื่องปรับอากาศ', '(MAC) ยี่ห้อ MITSUBISHI # 5000127 รุ่น MCF-S18TV-T1', 12, 1, 8, 2, 5, 3, 1, 0, '31/12/2548', '2017-10-20 09:20:57'),
(24, '1533648', 'เครื่องปรับอากาศ', '(MAC) ยี่ห้อ MITSUBISHI # 5000670 รุ่น MCF-S18TV-T1', 12, 1, 7, 2, 5, 3, 1, 0, '31/12/2548', '2017-10-20 09:21:15'),
(25, '1533650', 'เครื่องปรับอากาศ', '(MAC) ยี่ห้อ MITSUBISHI # 5000242 รุ่น MCF-S18TV-T1', 12, 1, 3, 2, 6, 3, 1, 0, '31/12/2548', '2017-10-20 09:21:31'),
(26, '1533652', 'เครื่องปรับอากาศ', '(MAC) ยี่ห้อ MITSUBiSHI # 5001428 รุ่น MCF-S18TV-T1', 12, 1, 11, 2, 5, 3, 1, 0, '31/12/2548', '2017-11-02 13:28:03'),
(27, '1642735', 'เครื่องปรับอากาศ', 'แบบแยกส่วนขนาดไม่ต่ำกว่า 18,000 บีทียู พร้อมติดตั้ง ยี่ห้อ โดกัน เบอร์ 5', 12, 1, 11, 2, 5, 3, 1, 0, '28/11/2551', '2017-11-02 13:28:27'),
(28, '1653533', 'เครื่องปรับอากาศ', 'แบบแยกส่วนขนาดไม่ต่ำกว่า 18,000 บีทียู ยี่ห้อ HI-CLASS', 12, 1, 9, 2, 5, 3, 1, 0, '10/07/2552', '2017-11-02 13:28:39'),
(29, '1653537', 'เครื่องปรับอากาศ', 'แบบแยกส่วนขนาดไม่ต่ำกว่า 36,000 บีทียู ยี่ห้อ HI-CLASS', 12, 1, 1, 2, 5, 3, 1, 0, '10/07/2552', '2017-11-02 13:28:52'),
(30, '1747099', 'เครื่องปรับอากาศ', 'แบบแยกส่วนขนาดไม่ต่ำกว่า 24,000 บีทียู พร้อมติดตั้ง ยี่ห้อ สตาร์แอร์ รุ่น RE255/AE255', 12, 1, 8, 2, 5, 3, 1, 0, '23/11/2552', '2017-11-02 13:29:06'),
(31, '1703186', 'ชั้นเหล็กวางของ', 'ปรับระดับได้ 6 ชั้น (รับน้ำหนักได้ 100 กก. ชิ้น) ยี่ห้อ TMCL', 12, 1, 11, 2, 5, 2, 1, 0, '23/05/2554', '2017-11-02 13:29:18'),
(32, '1703187', 'ชั้นเหล็กวางของ', 'ปรับระดับได้ 6 ชั้น (รับน้ำหนักได้ 100 กก. ชิ้น) ยี่ห้อ TMCL', 12, 1, 5, 2, 5, 2, 1, 0, '23/05/2554', '2017-11-02 13:29:30'),
(33, '1864843', 'เครื่องเจาะกระดาษ', '(จำนวน 250 แผ่น) ยี่ห้อ คาร์ล รุ่น HD-430 N', 12, 1, 1, 2, 1, 5, 1, 0, '10/11/2558', '2017-11-02 13:29:39'),
(34, '1864844', 'เครื่องเย็บกระดาษ', '(เย็บได้หนา 200 แผ่น และหรือมากกว่า) ยี่ห้อ อโรม่า รุ่น HD-12L20', 12, 2, 1, 2, 1, 5, 1, 0, '10/11/2558', '2017-11-02 13:29:50'),
(35, '1030388', 'เครื่องพิมพ์ดีด', 'แบบธรรมดาภาษาไทย ขนาดแคร่ยาวไม่ต่ำกว่า เครื่องพิมพ์ดีด ยี่ห้อ มอแกน รุ่น 40', 19, 1, 11, 2, 6, 3, 1, 0, '31/8/2537', '2017-11-02 13:30:01'),
(36, '1642726', 'เครื่องไมโครคอมพิวเตอร์', 'แบบที่ 2 ยี่ห้อ SVOA รุ่น Professinal S004', 12, 1, 11, 1, 5, 3, 1, 0, '01/12/2551', '2017-11-02 13:30:28'),
(37, '1694442', 'เครื่องคอมพิวเตอร์', 'สำหรับสำนักงาน ยี่ห้อ Acer รุ่น Verto nX68G (เลขจอ 4105288440 เลขเครื่อง PSVAJ 000053E01293384)', 12, 1, 10, 1, 6, 3, 1, 0, '04/02/2554', '2017-11-02 13:30:39'),
(38, '1705750', 'เครื่องคอมพิวเตอร์', 'สำหรับสำนักงาน ยี่ห้อ Acer รุ่น Verto nX68G (เลขจอ 11402636243 เลขเครื่อง PSVAJ 00016IE10755012)', 12, 1, 10, 1, 5, 3, 1, 0, '08/8/2554', '2017-11-02 13:30:52'),
(39, '1711373', 'เครื่องคอมพิวเตอร์', 'สำหรับสำนักงาน ยี่ห้อ Acer รุ่น Veriton X6610G หมายเลขเครื่อง PSVCK00007IE10973203 หมายเลขจอภาพ ETLJE0W13313205IE7B4326', 12, 1, 5, 1, 5, 3, 1, 0, '10/10/2554', '2017-11-02 13:31:24'),
(40, '1711376', 'เครื่องคอมพิวเตอร์', 'สำหรับสำนักงาน ยี่ห้อ Acer รุ่น Verton X6610G หมายเลขเครื่อง PSVCK00007IE10973198 หมายเลขจอภาพ ETLJE0W13313205E774326', 12, 1, 6, 1, 5, 3, 1, 0, '10/10/2554', '2017-11-02 13:31:46'),
(41, '1737367', 'เครื่องคอมพิวเตอร์', 'สำหนับสำนักงาน ยี่ห้อ Acer Verton X6610G หมายเลขเครื่อง UDVCKST031P32120958834 หมายเลขจอภาพ MMLTUSS001222133994230', 12, 1, 7, 1, 5, 3, 1, 0, '28/09/2555', '2017-11-02 13:32:23'),
(42, '1737368', 'เครื่องคอมพิวเตอร์', 'สำหรับสำนักงาน ยี่ห้อ Acer รุ่น Verton X6610G หมายเลขเครื่อง UDVCKST031P32120959431 หมายเลขจอภาพ MMLTUSS0012221338B7230', 12, 1, 8, 1, 5, 3, 1, 0, '28/09/2555', '2017-11-02 13:32:04'),
(43, '1737369', 'เครื่องคอมพิวเตอร์', 'สำหรับสำนักงาน ยี่ห้อ Acer รุ่น Veriton nX661G หมายเลขเครื่อง UDVCKST031P32120958710 หมายเลขจอภาพ MMLTUSS00122509CF84230', 12, 1, 5, 1, 5, 3, 1, 0, '28/09/2555', '2017-10-06 10:25:38'),
(44, '1737370', 'เครื่องคอมพิวเตอร์', 'สำหรับสำนักงาน ยี่ห้อ Acer รุ่น Veriton nX6610G หมายเลขเครื่อง UDVCKST031P32120958765 หมายเลขจอภาพ MMLTUSS001222133884230', 12, 1, 12, 1, 6, 3, 1, 0, '28/09/2555', '2017-10-06 10:30:29'),
(45, '1758776', 'เครื่องคอมพิวเตอร์', 'สำหรับระบบงานด้านธุรกิจแบบที่ 1 ยี่ห้อ HP รุ่น HP Compaq Elite 8300 Business PC', 12, 1, 10, 1, 2, 3, 1, 0, '25/07/2556', '2017-10-06 10:33:04'),
(46, '1790629', 'เครื่องคอมพิวเตอร์', 'สำหรับระบบงานด้านธุรกิจแบบที่ 1 ยี่ห้อ ACER รุ่น Veriton X2611G', 12, 1, 7, 1, 2, 3, 1, 0, '20/03/2557', '2017-10-06 10:35:30'),
(47, '1790630', 'เครื่องคอมพิวเตอร์', 'สำหรับระบบงานด้านธุรกิจแบบที่ 1 ยี่ห้อ ACER รุ่น Veriton X2611G', 12, 1, 7, 1, 2, 3, 1, 0, '20/03/2557', '2017-10-06 10:37:23'),
(48, '1790631', 'เครื่องคอมพิวเตอร์', 'สำหรับระบบงานด้านธุรกิจแบบที่ 1 ยี่ห้อ ACER รุ่น Veriton X2611G', 12, 1, 8, 1, 2, 3, 1, 0, '20/03/2557', '2017-10-06 10:42:23'),
(49, '1794717', 'เครื่องคอมพิวเตอร์', 'สำหรับระบบงานด้านธุรกิจแบบที่ 1 ยี่ห้อ ACER รุ่น Veriton X2630G', 12, 1, 8, 1, 2, 3, 1, 0, '03/06/2557', '2017-10-06 10:45:55'),
(50, '1794718', 'เครื่องคอมพิวเตอร์', 'สำหรับระบบงานด้านธุรกิจแบบที่ 1 ยี่ห้อ ACER รุ่น Veriton X2630G', 12, 1, 8, 1, 2, 3, 1, 0, '03/06/2557', '2017-10-19 18:57:33'),
(51, '1794719', 'เครื่องคอมพิวเตอร์', 'สำหรับระบบงานด้านธุรกิจแบบที่ 1 ยี่ห้อ ACER รุ่น Veriton X2630G', 12, 1, 6, 1, 2, 3, 1, 0, '03/06/2557', '2017-10-19 19:00:12'),
(52, '1794720', 'เครื่องคอมพิวเตอร์', 'สำหรับระบบงานด้านธุรกิจแบบที่ 1 ยี่ห้อ ACER รุ่น Veriton X2630G', 12, 1, 8, 1, 2, 3, 1, 0, '03/06/2557', '2017-10-19 19:02:19'),
(53, '1794721', 'เครื่องคอมพิวเตอร์', 'สำหรับระบบงานด้านธุรกิจแบบที่ 1 ยี่ห้อ ACER รุ่น Veriton X2630G', 12, 1, 6, 1, 2, 3, 1, 0, '03/06/2557', '2017-10-19 19:04:21'),
(54, '1805260', 'เครื่องคอมพิวเตอร์', 'สำหรับงานประมวลผล แบบที่ 1 ยี่ห้อ ACER รุ่น Veriton X2611G', 12, 1, 7, 1, 5, 3, 1, 0, '18/08/2557', '2017-10-19 19:28:04'),
(55, '1805261', 'เครื่องคอมพิวเตอร์', 'สำหรับงานประมวลผล แบบที่ 1 ยี่ห้อ ACER รุ่น Veriton X2611G', 12, 1, 7, 1, 2, 3, 1, 0, '18/08/2557', '2017-10-19 19:27:37'),
(56, '1805262', 'เครื่องคอมพิวเตอร์', 'สำหรับงานประมวลผล แบบที่ 1 ยี่ห้อ ACER รุ่น Veriton X2611G', 12, 1, 8, 1, 5, 3, 1, 0, '18/08/2557', '2017-10-19 19:27:10'),
(57, '1805263', 'เครื่องคอมพิวเตอ์', 'สำหรับงานประมวลผล แบบที่ 1 ยี่ห้อ ACER รุ่น Veriton X2611G', 12, 1, 7, 1, 5, 3, 1, 0, '18/08/2557', '2017-10-19 19:26:27'),
(58, '1805264', 'เครื่องคอมพิวเตอร์', 'สำหรับงานประมวลผล แบบที่ 1 ยี่ห้อ ACER รุ่น Veriton X2611G', 12, 1, 6, 1, 2, 3, 1, 0, '18/08/2557', '2017-10-19 19:19:54'),
(59, '1805265', 'เครื่องคอมพิวเตอร์', 'สำหรับงานประมวลผล แบบที่ 1 ยึ่ห้อ ACER รุ่น Veriton X2611G', 12, 1, 8, 1, 2, 3, 1, 0, '18/08/2557', '2017-10-19 19:19:31'),
(60, '1843500', 'เครื่องคอมพิวเตอร์', 'สำหรับงานประมวลผลแบบที่ 1 ยี่ห้อ HP รุ่น Prodesk 400G1 SFF', 12, 1, 6, 1, 1, 3, 1, 0, '06/07/2558', '2017-10-19 19:18:50'),
(61, '1843501', 'เครื่องคอมพิวเตอร์', 'สำหรับงานประมวลผล แบบที่ 1 ยี่ห้อ HP รุ่น Prodesk 400G1 SFF', 12, 1, 9, 1, 1, 3, 1, 0, '06/07/2558', '2017-10-19 19:29:50'),
(62, '1843502', 'เครื่แงคอมพิวเตอร์', 'สำหรับงานประมวลผล แบบที่ 1 ยี่ห้อ HP รุ่น Prodesk 400G1 SFF', 12, 1, 9, 1, 1, 3, 1, 0, '06/07/2558', '2017-10-19 19:31:31'),
(63, '1843503', 'เครื่องคอมพิวเตอร์', 'สำหรับงานประมวลผล แบบที่ 1 ยี่ห้อ HP รุ่น Prodesk 400G1 SFF', 12, 1, 9, 1, 1, 3, 1, 0, '06/07/2558', '2017-10-19 19:32:57'),
(64, '1843504', 'เครื่องคอมพิวเตอร์', 'สำหรับงานประมวลผล แบบที่ 1 ยี่ห้อ HP รุ่น Prodesk 400G1 SFF', 12, 1, 6, 1, 1, 3, 1, 0, '06/07/2558', '2017-10-19 19:34:10'),
(65, '1737364', 'เครื่องคอมพิวเตอร์', 'Notebook สำหรับสำนักงาน แบบที่ 2 ยี่ห้อ ACER รุ่น TravelMate P234-M หมายเลขเครื่อง NXV7BST032235155F67600', 12, 1, 3, 1, 5, 3, 1, 0, '28/09/2555', '2017-10-19 19:37:06'),
(66, '1638006', 'เครื่องพิมพ์', 'คอมพิวเตอร์แบบ Inkjet (A3) ยี่ห้อ HP OFFICEJET K7100', 12, 1, 8, 1, 5, 3, 1, 0, '11/09/2551', '2017-10-19 19:39:14'),
(67, '1660131', 'เครื่องพิมพ์', 'คอมพิวเตอร์แบบ Laser (A4) ยี่ห้อ SAMSUNG รุ่น SCX-4828FN', 12, 1, 5, 1, 6, 3, 1, 0, '01/10/2552', '2017-10-19 19:41:16'),
(68, '1705774', 'เครื่องพิมพ์', 'คอมพิวเตอร์แบบ Laser (A3) ยี่ห้อ FUJI XEROX รุ่น DocuPrint 3055', 12, 1, 5, 1, 5, 3, 1, 0, '08/08/2554', '2017-10-19 20:41:06'),
(69, '1730209', 'เครื่แงพิมพ์', 'แบบแปลน ขนาด A3 ยี่ห้อ BROTHER รุ่น MFC-J6710DW', 12, 1, 5, 1, 5, 3, 1, 0, '28/05/2552', '2017-10-19 20:43:02'),
(70, '1737391', 'เครื่องพิมพ์', 'เลเซอร์/ชนิด LED ขาวดำ (ขนาด A4) ยี่ห้อ Brother รุ่น HL-5350DN หมายเลขเครื่อง D2J510410', 12, 1, 8, 1, 5, 3, 1, 0, '28/09/2552', '2017-10-19 20:45:32'),
(71, '1843307', 'เครื่องพิมพ์', 'Multifunetion แบบฉีดหมึก (inkjet) ขนาด A3 แบบ Network ยี่ห้อ Epson รุ่น WF-7511', 12, 1, 5, 1, 1, 3, 1, 0, '06/07/2558', '2017-10-19 20:51:10'),
(72, '1843450', 'เครื่องพิมพ์', 'ชนิดเลเซอร์/ชนิด LED ขาวดำ ขนาด A4 แบบ Network แบบที่ 1 (35 หน้า/นาที) ยี่ห้อ Samsung รุ่ร M-4020 ND', 12, 1, 6, 1, 1, 3, 1, 0, '06/07/2558', '2017-10-19 20:59:07'),
(73, '1090377', 'POLTTER', 'พล็อตเตอร์(PlotterX ยี่ห้อ HEWLETT PACKARD 500PS', 12, 1, 5, 1, 6, 6, 1, 0, '24/05/2545', '2017-10-19 21:01:27'),
(74, '1796598', 'เครื่อง Poltter', 'สี ขนาด A0 ยี่ห้อ EPSON รุ่น SC-T7070', 12, 1, 5, 1, 2, 6, 1, 0, '03/06/2557', '2017-10-19 21:03:50'),
(75, '1590180', 'เครื่องวัดระยะทาง', 'แบบล้อกลิ้ง ชนิดพับได้พร้อมอุปกรณ์ (RotSure)', 14, 1, 7, 1, 5, 3, 1, 0, '08/12/2549', '2017-10-19 21:31:29'),
(76, '1590181', 'เครื่องวัดระยะทาง', 'แบบล้อกลิ้ง ชนิดพับได้พร้อมอุปกรณ์', 14, 1, 6, 1, 6, 3, 1, 0, '08/12/2549', '2017-10-19 21:33:16'),
(77, '1590182', 'เครื่องวัดระยะทาง', 'แบบล้อกลิ้ง ชนิดพับได้พร้อมอุปกรณ์', 14, 1, 6, 1, 5, 3, 1, 0, '08/12/2549', '2017-10-19 21:34:58'),
(78, '1590183', 'เครื่องวัดระยะทาง', 'แบบล้อกลิ้ง ชนิดพับได้พร้อมอุปกรณ์', 14, 1, 10, 1, 5, 3, 1, 0, '08/12/2549', '2017-10-19 21:36:27'),
(79, '1590184', 'เครื่องวัดระยะทาง', 'แบบล้อกลิ้ง ชนิดพับได้พร้อมอุปกรณ์', 14, 1, 8, 1, 7, 3, 1, 0, '08/12/2549', '2017-10-19 21:37:49'),
(80, '1720910', 'เครื่องวัดระยะทาง', 'แบบล้อกลิ้ง ชนดพับได้พร้อมอุปกรณ์ ยี่ห้อ TOPMEASURE รุ่น TM 12', 14, 1, 8, 1, 5, 3, 1, 0, '23/12/2554', '2017-10-19 21:39:58'),
(81, '1720912', 'เครื่องวัดระยะทาง', 'แบบล้อกลิ้ง ชนิดพับได้พร้อมอุปกรณ์ ยี่ห้อ TOPMEASURE รุ่น TM 12', 14, 1, 8, 1, 7, 3, 1, 0, '23/12/2554', '2017-10-19 21:41:53'),
(82, '1746796', 'เครื่องวัดระยะทาง', 'แบบล้อกลิ้ง ชนิดพับได้พร้อมอุปกรณ์ ยี่ห้อ TOPMEASURE รุ่น TM 12 หมายเลขเครื่อง 00046861', 14, 1, 5, 1, 2, 3, 1, 0, '20/11/2555', '2017-10-19 21:44:33'),
(83, '1746797', 'เครื่องวัดระยะทาง', 'แบบล้อกลิ้ง ชนิดพับได้พร้อมอุปกรณ์ ยี่ห้อ TOPMEASURE รุ่น TM 12 หมายเลขเครื่อง 00046862', 14, 1, 11, 1, 2, 3, 1, 0, '20/11/2555', '2017-10-20 08:40:25'),
(84, '1742837', 'เครื่องพิกัด', '(GPS) ยี่ห้อ Garmin รุ่น eTrex 30 Thai', 14, 1, 9, 1, 6, 3, 1, 0, '30/04/2555', '2017-10-20 08:43:12'),
(85, '1031536', 'กล้องระดับอัตโนมัติ', '(AUTOMATICLEVEL) พร้อมขาตั้งกล้องวัดระดับ ยี่ห้อ แพนแทกซ์ รุ่น AL-240', 14, 1, 4, 1, 5, 3, 1, 0, '23/09/2537', '2017-10-20 09:03:36'),
(86, '1292514', 'กล้องประมวลผลรวม', 'พร้อมชุดปริซึม และอุปกรณ์ประกอบ ยี่ห้อ TOPCON รุ่น GTS-603AF', 14, 1, 4, 1, 5, 3, 1, 0, '02/07/2547', '2017-10-20 09:05:22'),
(87, '1505011', 'กล้องระดับ', 'ชนิดอัตโนมัติ พร้อมขาตั้งขนาดกำลังขยาย 30 เท่า', 14, 1, 4, 1, 5, 3, 1, 0, '27/07/2548', '2017-10-20 09:07:09'),
(88, '1726459', 'เครื่องวัดความลึกน้ำ', 'ยี่ห้อ HONDA รุ่น PS-7FL No.81573', 14, 1, 9, 1, 5, 3, 1, 0, '05/04/2555', '2017-10-20 09:08:27'),
(89, '1746860', 'เครื่องวัดความลึกของน้ำ', 'ยี่ห้อ HONDA รุ่น PS-7FL หมายเลขเครื่อง 81774', 14, 1, 9, 1, 5, 3, 1, 0, '20/11/2555', '2017-10-20 09:10:29'),
(90, '1865943', 'วิทยุคลื่นสั้น', 'ชนิดมือถือ ยี่ห้อ Spender รุ่น DHS-7000 H', 15, 1, 5, 2, 1, 3, 1, 0, '16/11/2558', '2017-10-20 09:12:06'),
(91, '1865944', 'วิทยุคลื่นสั้น', 'ชนิดมือถือ ยี่ห้อ Spender รุ่น DHS-7000 H', 15, 1, 5, 2, 1, 3, 1, 0, '16/11/2558', '2017-10-20 09:13:46'),
(92, '1677346', 'กล้องถ่ายภาพนิ่ง', 'ระบบดิจิตอล(ความละเอียดไม่น้อยกว่า 5 ล้านพิกเซล) ยี่ห้อ CANON IXUS-105 หมายเลขเครื่อง 018060004196 พร้อมอุปกรณ์', 16, 1, 5, 2, 2, 3, 1, 0, '18/05/2553', '2017-10-20 09:16:02'),
(93, '1866682', 'Video Projector', 'ความสว่าง 2,600 Lumens ยี่ห้อ Epson รุ่น EB-X04', 16, 1, 11, 1, 1, 3, 1, 0, '15/12/2558', '2017-10-20 09:17:52'),
(94, '1866683', 'เครื่องฉายภาพ', '3 มิติ ยี่ห้อ Vertex รุ่น D1320', 16, 1, 11, 1, 1, 3, 1, 0, '15/12/2558', '2017-10-20 09:19:06'),
(95, '1145489', 'โต๊ะทำงาน', 'ระดับ 4-6', 12, 2, 10, 1, 2, 5, 1, 0, '28/05/2522', '2017-10-20 09:23:48'),
(96, '1225224', 'โต๊ะทำงาน', 'ระดับ 7-9', 12, 2, 3, 1, 2, 5, 1, 0, '05/11/2529', '2017-10-20 09:24:42'),
(97, '1151214', 'ตู้เก็บแบบแปลน', 'เหล็ก 5 ลิ้นชัก พร้อมแท่นเหล็ก', 12, 2, 4, 1, 5, 4, 1, 0, '28/05/2522', '2017-10-20 09:25:49'),
(98, '1145518', 'โต๊ะเขียนแบบ', 'พร้อมช่องใส่ของด้านข้าง', 12, 2, 11, 1, 5, 5, 1, 0, '28/05/2522', '2017-10-20 09:26:51'),
(99, '1145510', 'โต๊ะทำงาน', 'ระดับ 7-9', 12, 2, 5, 1, 5, 5, 1, 0, '28/05/2522', '2017-10-20 09:27:47'),
(100, '1145517', 'โต๊ะเขียนแบบ', '', 12, 2, 7, 1, 5, 5, 1, 0, '28/05/2522', '2017-10-20 09:28:48'),
(101, '1145760', 'โต๊ะเขียนแบบ', '0.80 x 1.22 x 0.82 ม.', 12, 2, 6, 1, 5, 5, 1, 0, '28/05/2522', '2017-10-20 09:30:01'),
(102, '1145460', 'โต๊ะพิมพ์ดีด', '', 12, 2, 11, 1, 5, 5, 1, 0, '28/05/2522', '2017-10-20 09:30:50'),
(103, '1221022', 'โต๊ะ', 'ระดับ 7-9 พร้อมเก้าอี้ ต้ข้าง 1 ลิ้นชัก กลาง 1', 12, 2, 7, 1, 5, 5, 1, 0, '12/07/2525', '2017-10-20 09:32:04'),
(104, '1221752', 'ตู้เก็บเอกสาร', '4 ลิ้นชัก ยี่ห้อ VITORY', 12, 2, 10, 1, 2, 5, 1, 0, '24/12/2525', '2017-10-20 09:33:17'),
(105, '1224374', 'โต๊ะทำงาน', 'พร้อมเก้าอี้ระดับ 3-6', 12, 2, 7, 1, 5, 5, 1, 0, '101/11/2528', '2017-10-20 09:34:34'),
(106, '1225217', 'โต๊ะทำงาน', 'ระดับ 3-6', 12, 2, 7, 1, 5, 5, 1, 0, '05/11/2529', '2017-10-20 09:35:28'),
(107, '1225220', 'โต๊ะทำงาน', 'ระดับ 3-6', 12, 2, 9, 1, 5, 5, 1, 0, '05/11/2529', '2017-10-20 09:36:21'),
(108, '1225585', 'ตู้เก็บเอกสาร', 'ทำด้วยเหล็กบานเลื่อนกระจก', 12, 2, 3, 1, 2, 4, 1, 0, '30/04/2530', '2017-10-20 09:37:41'),
(109, '1007061', 'โต๊ะทำงาน', 'ระดับ 4-6', 12, 2, 5, 1, 2, 5, 1, 0, '10/07/2534', '2017-10-20 09:38:32'),
(110, '1020354', 'ตู้เก็บแผนที่', 'พร้อมขาตั้งไม่ต่ำกว่า 44 x 32 x 20 มม. 5 ลิ้นชัก', 12, 2, 4, 1, 5, 4, 1, 0, '19/08/2536', '2017-10-20 09:40:20'),
(111, '1020364', 'ตู้เก็บแผนที่', 'พร้อมขาตั้งไม่ต่ำกว่า 44 x 32 x 20 มม. 5 ลิ้นชัก', 12, 2, 4, 1, 5, 4, 1, 0, '19/08/2536', '2017-10-20 09:42:23'),
(112, '1045033', 'โต๊ะทำงาน', 'ระดับ 4-6', 12, 2, 7, 1, 2, 5, 1, 0, '20/11/2538', '2017-10-20 09:43:13'),
(113, '1052330', 'โต๊ะทำงาน', 'ระดับ 4-6', 12, 2, 5, 1, 2, 5, 1, 0, '04/09/2539', '2017-10-20 09:49:28'),
(114, '1052333', 'โต๊ะทำงาน', 'ระดับ 7-9', 12, 2, 5, 1, 5, 5, 1, 0, '4/09/2539', '2017-10-20 09:50:13'),
(115, '1052341', 'โต๊ะทำงาน', 'ระดับ 7-9', 12, 2, 6, 1, 5, 5, 1, 0, '04/09/2539', '2017-10-20 09:50:54'),
(116, '1070709', 'ตู้เหล็กเก็บเอกสาร', '4 ลิ้นชัก ไม่มีรางแขวนขนาด A', 12, 2, 4, 1, 5, 4, 1, 0, '15/02/2542', '2017-10-20 09:58:57'),
(117, '1212316', 'เทป', 'วัดระยะทำด้วยผ้า หรือพีวีซี หรือใยแก้ว ความยาวไม่ต่ำกว่า 50 เมตร', 14, 2, 5, 1, 2, 8, 1, 0, '28/04/2546', '2017-10-20 11:50:34'),
(118, '1212317', 'เทป', 'วัดระยะทำด้วยผ้า หรือพีวีซี หรือใยแก้ว ความยาวไม่ต่ำกว่า 50 เมตร', 14, 2, 1, 1, 5, 8, 1, 0, '28/04/2546', '2017-10-20 11:50:57'),
(119, '1212318', 'เทป', 'วัดระยะทำด้วยผ้า หรือพีวีซี หรือใยแก้ว ความยาวไม่ต่ำกว่า 50 เมตร', 14, 2, 6, 1, 5, 8, 1, 0, '28/04/2546', '2017-10-20 11:51:29'),
(120, '1505012', 'ไม้สต๊าฟ', 'ยาว 4.00 ม.', 14, 2, 4, 1, 5, 10, 1, 0, '27/07/2548', '2017-10-20 10:26:35'),
(121, '1505013', 'ไม้สต๊าฟ', 'ยาว 4.00 ม.', 14, 2, 4, 1, 5, 10, 1, 0, '27/07/2548', '2017-10-20 10:27:25'),
(122, '1504993', 'โต๊ะทำงาน', 'ระดับ 4-6', 12, 2, 7, 1, 2, 5, 1, 0, '30/08/2548', '2017-10-20 10:28:34'),
(123, '1504955', 'เก้าอี้', 'เขียนแบบมีพนักพิง', 12, 2, 11, 2, 2, 5, 1, 0, '30/7/2548', '2017-10-20 10:29:36'),
(124, '1504997', 'โต๊ะ', 'วางเครื่องคอมพิวเตอร์', 12, 2, 11, 1, 2, 5, 1, 0, '12/09/2548', '2017-10-20 10:31:45'),
(125, '1504999', 'โต๊ะ', 'วางเครื่องคอมพิวเตอร์', 12, 2, 11, 1, 2, 5, 1, 0, '12/09/2548', '2017-10-20 10:31:26'),
(126, '1504995', 'โต๊ะ', 'วางเครื่องคอมพิวเตอร์', 12, 2, 11, 1, 2, 5, 1, 0, '12/09/2548', '2017-10-20 10:32:27'),
(127, '1504998', 'โต๊ะ', 'วางเครื่องคอมพิวเตอร์', 12, 2, 11, 1, 2, 5, 1, 0, '12/09/2548', '2017-10-20 10:33:13'),
(128, '1000111', 'โต๊ะ', 'วางเครื่องคอมพิวเตอร์', 12, 2, 11, 1, 2, 5, 1, 0, '15/03/2549', '2017-10-20 10:34:02'),
(129, '1000108', 'โต๊ะ', 'วางเครื่องคอมพิวเตอร์', 12, 2, 11, 1, 2, 5, 1, 0, '15/03/2549', '2017-10-20 10:34:58'),
(130, '1000107', 'โต๊ะ', 'วางเครื่องคอมพิวเตอร์', 12, 2, 11, 1, 2, 5, 1, 0, '15/03/2549', '2017-10-20 10:38:14'),
(131, '1000109', 'โต๊ะ', 'วางเครื่องคอมพิวเตอร์', 12, 2, 11, 1, 2, 5, 1, 0, '15/03/2549', '2017-10-20 10:38:55'),
(132, '1000109', 'โต๊ะ', 'วางเครื่องคอมพิวเตอร์', 12, 2, 3, 1, 2, 5, 1, 0, '15/03/2549', '2017-10-20 10:40:07'),
(133, '1000110', 'โต๊ะ', 'วางเครื่องคอมพิวเตอร์', 12, 2, 5, 1, 5, 5, 1, 0, '15/03/2549', '2017-10-20 10:40:53'),
(134, '1000106', 'โต๊ะ', 'วางเครื่องคอมพิวเตอร์', 12, 2, 11, 1, 2, 5, 1, 0, '15/03/2549', '2017-10-20 10:41:41'),
(135, '100216', 'ผ้าม่าน', 'กันแดดชนิดแบบชักรอก', 12, 2, 3, 2, 2, 9, 1, 0, '07/02/2550', '2017-10-20 10:42:49'),
(136, '1000217', 'ผ้าม่าน', 'กันแดดชนิดแบบชักรอก', 12, 2, 11, 2, 2, 9, 1, 0, '07/02/2550', '2017-10-20 10:43:37'),
(137, '1000218', 'ผ้าม่าน', 'กันแดดชนิดแบบชักรอก', 12, 2, 11, 2, 2, 9, 1, 0, '07/02/2550', '2017-10-20 10:44:41'),
(138, '10-1031-100209-52-0008', 'เก้าอี้', 'นั่งประชุมสีน้ำเงิน', 12, 2, 1, 2, 2, 5, 1, 0, '10/06/2552', '2017-10-20 11:01:08'),
(139, '10-1031-100209-52-0019', 'เก้าอี่', 'นั่งประชุมสีน้ำเงิน', 12, 2, 1, 2, 2, 5, 1, 0, '10/06/2552', '2017-10-20 11:01:27'),
(140, '10-1031-100209-52-0018', 'เก้าอี้', 'นั่งประชุมสีน้ำเงิน', 12, 2, 1, 2, 2, 5, 1, 0, '10/06/2552', '2017-10-20 11:01:40'),
(141, '10-1031-100209-52-0017', 'เก้าอี้', 'นั่งประชุมสีน้ำเงิน', 12, 2, 1, 2, 2, 5, 1, 0, '10/06/2552', '2017-10-20 11:03:00'),
(142, '10-1031-100209-52-016', 'เก้าอี่', 'นั่งประชุมสีน้ำเงิน', 12, 2, 1, 2, 2, 5, 1, 0, '10/06/2552', '2017-10-20 11:03:55'),
(143, '10-131-10029-52-0015', 'เก้าอี้', 'นั่งประชุมสีน้ำเงิน', 12, 2, 1, 2, 2, 5, 1, 0, '15/06/2552', '2017-10-20 11:04:51'),
(144, '10-1031-10029-52-0007', 'เก้าอี้', 'นั่งประชุมสีน้ำเงิน', 12, 2, 1, 2, 2, 5, 1, 0, '10/06/2552', '2017-10-20 11:05:35'),
(145, '10-1031-100209-52-0012', 'เก้าอี้', 'นั่งประชุมสีน้ำเงิน', 12, 2, 1, 2, 2, 5, 1, 0, '10/06/2552', '2017-10-20 11:06:16'),
(146, '10-1031-100209-52-0011', 'เก้าอี้', 'นั่งประชุมสีน้ำเงิน', 12, 2, 1, 2, 2, 5, 1, 0, '10/06/2552', '2017-10-20 11:07:02'),
(147, '10-131-100209-52-0014', 'เก้าอี้', 'นั่งประชุมสีน้ำเงิน', 12, 2, 1, 2, 2, 5, 1, 0, '10/06/2552', '2017-10-20 11:07:41'),
(148, '0-1031-100209-52-0010', 'เก้าอี้', 'แบบมีพนักพิงแบบปรับระดับ(สีเทา)', 12, 2, 3, 2, 2, 5, 1, 0, '15/06/2552', '2017-10-20 11:09:38'),
(149, '0-1031-100209-52-0013', 'เก้าอี้', 'นั่งประชุมสีน้ำเงิน', 12, 2, 1, 2, 2, 5, 1, 0, '15/06/2552', '2017-10-20 11:24:33'),
(150, '10-1031-100209-52-0009', 'เก้าอี้', 'นั่งประชุมสีน้ำเงิน', 12, 2, 1, 2, 2, 5, 1, 0, '15/06/2552', '2017-10-20 11:10:24'),
(151, '10-1031-100209-52-0006', 'เก้าอี้', 'แบบมีพนักพิง', 12, 2, 1, 2, 2, 5, 1, 0, '17/03/2553', '2017-10-20 11:11:18'),
(152, '0-131-100209-52-0005', 'พัดลม', 'ระบายอากาศแบบตั้งพื้น ยี่ห้อ TOSHIBA ', 12, 2, 12, 2, 5, 5, 1, 0, '23/03/2553', '2017-10-20 11:13:03'),
(153, '10-1031-100209-52-0002', 'เครื่องวัดความดันน้ำ', 'ชนิดหล่อด้วยของเหลว 4 นิ้ว 0-10 กก./ซม.', 14, 2, 7, 2, 2, 3, 1, 0, '05/03/2553', '2017-10-20 11:14:25'),
(154, '10-1031-100209-52-0003', 'เครื่องวัดความดันน้ำ', 'ชนิดหล่อด้วยของเหลว 4 นิ้ว 0-10 กก./ซม.', 14, 2, 6, 2, 6, 3, 1, 0, '05/03/2553', '2017-10-20 11:18:18'),
(155, '1052326', 'โต๊ะ', 'ทำงานระดับ 7-9', 12, 2, 1, 1, 6, 5, 1, 0, '04/09/2539', '2017-10-20 11:18:08'),
(156, '10-1031-100209-54-0004', 'เครื่องควบคุมและสำรองไฟฟ้า(UPS)', 'ขนาดไม่น้อยกว่า 750 VA ยี่ห้อ SYNDOME รุ่น SZ-801 Pro', 12, 2, 9, 1, 5, 3, 1, 0, '08/08/2554', '2017-10-20 11:20:19'),
(157, '10-1031-100209-54-005', 'เครื่องสำรองไฟฟ้า(UPS)', 'ขนาด 75 VA ยี่ห้อ SYNDOME รุ่น SE-PRO 801', 12, 2, 11, 1, 7, 3, 1, 0, '20/09/2554', '2017-10-20 11:21:52'),
(158, '10-1031-10029-55-0001', 'เทป', 'วัดระยะความยาว 50 เมตร', 14, 2, 5, 1, 2, 8, 1, 0, '02/02/2555', '2017-10-20 11:23:02'),
(159, '10-1031-100209-55-002', 'เทป', 'วัดระยะความยาว 50 เมตร', 14, 2, 6, 1, 1, 8, 1, 0, '02/02/2555', '2017-10-20 11:25:57'),
(160, '10-1031-100209-55-0003', 'เทป', 'วัดระยะความยาว 50 เมตร', 14, 2, 7, 1, 5, 8, 1, 0, '02/02/2555', '2017-10-20 11:26:44'),
(161, '10-1031-100209-55-0004', 'เทป', 'วัดระยะความยาว 50 เมตร', 14, 2, 9, 1, 5, 8, 1, 0, '02/02/2555', '2017-10-20 11:27:37'),
(162, '10-1031-100209-55-0005', 'เก้าอี้', 'ผอ.กผว. ยี่ห้อ โมโน รุ่น เปตอง/H', 12, 2, 3, 2, 2, 5, 1, 0, '10/08/2555', '2017-10-20 11:28:43'),
(163, '10-1031-10209-55-0006', 'เก้าอี้', 'หัวหน้างาน ยี่ห้อ โมโน รุ่น เปตอง/H', 12, 2, 6, 2, 5, 5, 1, 0, '01/08/2555', '2017-10-20 11:52:35'),
(164, '10-1031-100209-55-0007', 'เก้าอี้', 'หัวหน้างาน ยี่ห้อ โมโน รุ่น เปตอง/H', 12, 2, 6, 2, 2, 5, 1, 0, '10/08/2555', '2017-10-20 11:53:40'),
(165, '10-1031-100209-55-0008', 'เก้าอี้', 'หัวหน้างาน ยี่ห้อ โมโน รุ่น เปตอง/H', 12, 2, 7, 2, 5, 5, 1, 0, '10/08/2555', '2017-10-20 12:35:23'),
(166, '0-1031-100209-55-0009', 'เก้าอี้', 'หัวหน้างาน ยี่ห้อ โมโน รุ่น เปตอง/H', 12, 2, 9, 2, 5, 5, 1, 0, '10/08/2555', '2017-10-20 12:36:11'),
(167, '0-1031-100209-55-0010', 'เก้าอี้', 'พนักงาน ยี่ห้อ โมโน รุ่น เปตอง/M', 12, 2, 6, 2, 5, 5, 1, 0, '10/08/2555', '2017-10-20 11:56:48'),
(168, '10-1031-100209-55-0011', 'เก้าอี้', 'พนักงาน ยี่ห้อ โมโน รุ่น เปตอง/M', 12, 2, 5, 2, 5, 5, 1, 0, '10/08/2555', '2017-10-20 12:35:49'),
(169, '10-1031-100209-55-0012', 'เก้าอี้', 'พนักงาน ยี่ห้อ โมโน รุ่น เปตอง/M', 12, 2, 6, 2, 5, 5, 1, 0, '10/08/2555', '2017-10-20 12:36:00'),
(170, '10-1031-100209-55-0013', 'เก้าอี้', 'พนักงาน ยี่ห้อ โมโน รุ่น เปตอง/M', 12, 2, 7, 2, 5, 5, 1, 0, '10/08/2555', '2017-10-20 12:35:02'),
(171, '10-1031-100209-55-0014', 'เก้าอี้', 'พนักงาน ยี่ห้อ โมโน รุ่น เปตอง/M', 12, 2, 9, 2, 5, 5, 1, 0, '10/08/2555', '2017-10-20 12:37:12'),
(172, '10-1031-100209-55-0015', 'เก้าอี้', 'พนักงาน ยี่ห้อ โมโน รุ่น เปตอง/M', 12, 2, 9, 2, 5, 5, 1, 0, '10/08/2555', '2017-10-20 12:38:14'),
(173, '10-1031-100209-55-0016', 'เก้าอร้', 'พนักงาน ยี่ห้อ โมโน รุ่น เปตอง/M', 12, 2, 5, 2, 2, 5, 1, 0, '01/8/2555', '2017-10-20 12:39:29'),
(174, '10-1031-100209-55-0017', 'เก้าอี้', 'พนักงาน ยี่ห้อ โมโน รุ่น เปตอง/M', 12, 2, 7, 2, 5, 5, 1, 0, '10/08/2555', '2017-10-20 12:40:34'),
(175, '10-1031-100209-55-0018', 'เก้าอี้', 'พนักงาน ยี่ห้อ โมโน รุ่ง เปตอง/M', 12, 2, 7, 2, 5, 5, 1, 0, '10/08/2555', '2017-10-20 12:41:54'),
(176, '10-1031-100209-55-0019', 'เก้าอี้', 'พนักงาน ยี่ห้อ โมโน รุ่น เปตอง/M', 12, 2, 7, 2, 5, 5, 1, 0, '10/08/2555', '2017-10-20 12:42:52'),
(177, '10-1031-100209-55-0020', 'เก้าอี้', 'พนักงาน ยี่ห้อ โมโน รุ่น เปตอง/M', 12, 2, 6, 2, 5, 5, 1, 0, '10/08/2555', '2017-10-20 12:45:07'),
(178, '10-1031-100209-55-0021', 'เก้าอี้', 'พนักงาน ยี่ห้อ โมโน รุ่น เปตอง/M', 12, 2, 10, 2, 5, 5, 1, 0, '10/08/2555', '2017-10-20 12:45:57'),
(179, '0-1031-100209-55-0022', 'เก้าอี้', 'พนักงาน ยี่ห้อ โมโน รุ่น เปตอง/M', 12, 2, 11, 2, 5, 5, 1, 0, '10/08/2555', '2017-10-20 12:46:43'),
(180, '10-1031-100209-55-0023', 'เก้าอี้', 'พนักงาน ยี่ห้อ โมโน รุ่น เปตอง/M', 12, 2, 6, 2, 5, 5, 1, 0, '10/08/2555', '2017-10-20 12:49:32'),
(181, '10-1031-100209-55-0024', 'เก้าอี้', 'พนักงาน ยี่ห้อ โมโน รุ่น เปตอง/M', 12, 2, 6, 2, 5, 5, 1, 0, '10/08/2555', '2017-10-20 12:50:44'),
(182, '10-1031-100209-55-0025', 'เก้าอี้', 'พนักงาน ยี่ห้อ โมโน รุ่น เปตอง/M', 12, 2, 5, 2, 5, 5, 1, 0, '10/8/2555', '2017-10-20 12:51:45'),
(183, '10-1031-100209-55-0026', 'เก้าอี้', 'พนักงาน ยี่ห้อ โมโน รุ่น เปตอง/M', 12, 2, 7, 2, 5, 5, 1, 0, '10/08/2555', '2017-10-20 12:52:38'),
(184, '10-1031-100209-55-0027', 'เก้าอี้', 'พนักงาน ยี่ห้อ โมโน รุ่น เปตอง/M', 12, 2, 7, 2, 5, 5, 1, 0, '10/08/2555', '2017-10-20 12:53:34'),
(185, '10-1031-100209-55-0028', 'เก้าอี้', 'พนักงาน ยี่ห้อ โมโน รุ่น เปตอง/M', 12, 2, 5, 2, 5, 5, 1, 0, '10/08/2555', '2017-10-20 12:54:31'),
(186, '10-1031-100209-55-0029', 'เก้าอี้', 'พนักงาน (ขนาดพิเศษ) ยี่ห้อ โตกิ', 12, 2, 10, 2, 2, 5, 1, 0, '10/08/2555', '2017-10-20 12:55:59'),
(187, '10-1031-100209-55-030', 'เครื่องสำรองไฟฟ้า(UPS)', 'ขนาด 750 VA ยี่ห้อ All Spark รุ่น EA-2075 I', 15, 2, 7, 1, 5, 3, 1, 0, '28/08/2555', '2017-10-20 12:59:18'),
(188, '10-1031-100209-55-0032', 'เครื่องสำรองไฟฟ้า(UPS)', 'ขนาด 750 VA ยี่ห้อ All Spark รุ่น EA-2075 I', 15, 2, 9, 1, 2, 3, 1, 0, '28/08/2555', '2017-10-20 13:00:39'),
(189, '10-1031-100209-55-0033', 'เครื่องสำรองไฟฟ้า(UPS)', 'ขนาด 750 VA ยี่ห้อ All Spark รุ่น EA-2075 I', 15, 2, 6, 1, 2, 3, 1, 0, '28/8/2555', '2017-10-20 13:02:05'),
(190, '10-1031-100209-56-0001', 'เครื่องปริ้นเตอร์', 'CANON MP-287 (ALL-IN-ONE) พร้อมอิ้งแทงค์', 12, 2, 3, 2, 2, 3, 1, 0, '01/04/2556', '2017-10-20 13:03:41'),
(191, '10-1031-100209-56-0003', 'ลำโพง', 'เสียงตามสาย 6 นิ้ว ยี่ห้อ CLEARITY', 16, 2, 3, 2, 2, 5, 1, 0, '31/06/2556', '2017-10-20 13:05:08'),
(192, '10-1031-100209-56-0004', 'ลำโพง', 'เสียงตามสาย 6 นิ้ว ยี่ห้อ CLEARITY', 16, 2, 7, 2, 2, 5, 1, 0, '31/06/2556', '2017-10-20 13:06:23'),
(193, '10-1031-100209-56-0005', 'ลำโพง', 'เสียงตามสาย 6 นิ้ว ยี่ห้อ CLEARITY', 16, 2, 11, 2, 2, 5, 1, 0, '31/06/2556', '2017-10-20 13:07:23'),
(194, '10-1031-100209-56-0006', 'ลำโพง', 'เสียงตามสาย 6 นิ้ว ยี่ห้อ CLEARITY', 16, 2, 9, 2, 2, 5, 1, 0, '31/06/2556', '2017-10-20 13:12:46'),
(195, '10-1031-100209-57-0001', 'เครื่องสำรองไฟฟ้า(UPS)', 'ขนาด 750 VA ยี่ห้อ SYDOME รุ่น W&S 800i', 15, 2, 7, 1, 2, 3, 1, 0, '20/3/2557', '2017-10-20 13:14:33'),
(196, '10-1031-100209-57-0002', 'เครื่องสำรองไฟฟ้า(UPS)', 'ขนาด 750 VA ยี่ห้อ SYDOME รุ่น W&S 800i', 15, 2, 6, 1, 2, 3, 1, 0, '20/03/2557', '2017-10-20 13:30:18'),
(197, '10-1031-100209-57-0003', 'เครื่องสำรองไฟฟ้า(UPS)', 'ขนาด 750 VA ยี่ห้อ SYDOME รุ่น W&S 800i', 15, 2, 6, 1, 2, 3, 1, 0, '20/03/2557', '2017-10-20 13:32:13'),
(198, '10-1031-100209-57-0004', 'เครื่องสำรองไฟฟ้า(UPS)', 'ขนาด 750 VA ยี่ห้อ SYDOME รุ่น ICON 800', 15, 2, 7, 1, 2, 3, 1, 0, '29/05/2557', '2017-10-20 13:33:47'),
(199, '10-1031-100209-57-0005', 'เครื่องสำรองไฟฟ้า(UPS)', 'ขนาด 750 VA ยี่ห้อ SYDOME รุ่น ICON 800', 15, 2, 7, 1, 2, 3, 1, 0, '29/005/2557', '2017-10-20 14:27:13'),
(200, '10-1031-100209-57-0006', 'เครื่องสำรองไฟฟ้า(UPS)', 'ขนาด 750 VA ยี่ห้อ SYDOME รุ่น ICON 800', 15, 2, 5, 1, 2, 3, 1, 0, '29/05/2557', '2017-10-20 14:29:04'),
(201, '10-1031-100209-57-0007', 'เครื่องสำรองไฟฟ้า(UPS)', 'ขนาด 750 VA ยี่ห้อ SYDOME รุ่น ICON 800', 15, 2, 7, 1, 2, 3, 1, 0, '29/05/2557', '2017-10-20 14:32:23'),
(202, '10-1031-100209-57-0008', 'เครื่องสำรองไฟฟ้า(UPS)', 'ขนาด 750 VA ยี่ห้อ SYDOME รุ่น ICON 800', 15, 2, 5, 1, 2, 3, 1, 0, '29/05/2557', '2017-10-20 14:33:40'),
(203, '10-1031-100209-57-0009', 'เครื่องสำรองไฟฟ้า(UPS)', 'ขนาด 800VA ยี่ห้อ SYDOME รุ่น GOLD 800i', 15, 2, 6, 1, 2, 3, 1, 0, '18/08/2557', '2017-10-20 14:34:58'),
(204, '10-1031-100209-57-0010', 'เครื่องสำรองไฟฟ้า(UPS)', 'ขนาด 800 VA ยี่ห้อ SYDOME รุ่น GOLD 800i', 15, 2, 6, 1, 2, 3, 1, 0, '18/08/2557', '2017-10-20 14:36:23'),
(205, '10-1031-100209-57-0011', 'เครื่องสำรองไฟฟ้า(UPS)', 'ขนาด 800 VA ยี่ห้อ SYDOME รุ่น GOLD 800i', 15, 2, 7, 1, 2, 3, 1, 0, '18/08/2557', '2017-10-20 14:37:39'),
(206, '10-1031-100209-57-0012', 'เครื่องสำรองไฟฟ้า(UPS)', 'ขนาด 800 VA ยี่ห้อ SYDOME รุ่น GOLD 800i', 15, 2, 6, 1, 2, 3, 1, 0, '18/08/2557', '2017-10-20 14:39:03'),
(207, '10-1031-100209-57-0013', 'เครื่องสำรองไฟฟ้า(UPS)', 'ขนาด 80 VA ยี่ห้อ SYDOME รุ่น GOLD 800i', 15, 2, 5, 1, 2, 3, 1, 0, '18/08/2557', '2017-10-20 14:40:27'),
(208, '10-1031-10029-57-0014', 'เครื่องสำรองไฟฟ้า(UPS)', 'ขนาด 800 VA ยี่ห้อ SYDOME รุ่น GOLD 800i', 15, 2, 7, 1, 2, 3, 1, 0, '18/08/2557', '2017-10-20 14:43:06'),
(209, '10-1031-100209-58-0001', 'เครื่องสำรองไฟฟ้า(UPS)', 'ขนาด 800 VA', 15, 2, 5, 1, 2, 3, 1, 0, '06/07/2558', '2017-10-20 14:44:19'),
(210, '10-1031-100209-58-0002', 'เครื่องสำรองไฟฟ้า(UPS)', 'ขนาด 800 VA', 15, 2, 8, 1, 2, 3, 1, 0, '06/07/2558', '2017-10-20 14:45:43'),
(211, '10-1031-100209-58-0003', 'เครื่องสำรองไฟฟ้า(UPS)', 'ขนาด 800 VA', 15, 2, 8, 1, 2, 3, 1, 0, '06/07/2558', '2017-10-20 14:46:59'),
(212, '10-1031-100209-58-0004', 'เครื่องสำรองไฟฟ้า(UPS)', 'ขนาด 800 VA', 15, 2, 5, 1, 2, 3, 1, 0, '06/07/2558', '2017-10-20 14:51:48'),
(213, '10-1031-100209-58-0005', 'เครื่องสำรองไฟฟ้า(UPS)', 'ขนาด 800 VA', 15, 2, 8, 1, 2, 3, 1, 0, '06/07/2558', '2017-10-20 14:53:25'),
(214, '10-1031-100209-58-0006', 'โต๊ะ', 'ทำงานระดับ 8-9', 12, 2, 7, 2, 1, 5, 1, 0, '14/09/2558', '2017-10-20 14:55:40'),
(215, '10-1031-100209-58-0007', 'โต๊ะ', 'ทำงานระดับ 1-7', 12, 2, 8, 2, 1, 5, 1, 0, '14/09/2558', '2017-10-20 14:55:25'),
(216, '10-1031-100209-58-0008', 'โต๊ะ', 'ทำงานระดับ 1-7', 12, 2, 8, 2, 1, 5, 1, 0, '14/09/2558', '2017-10-20 14:58:44'),
(217, '10-1031-100209-58-0009', 'โต๊ะ', 'ทำงานระดับ 1-7', 12, 2, 7, 2, 1, 5, 1, 0, '14/09/2558', '2017-10-20 14:58:55'),
(218, '10-1031-100209-58-0010', 'โต๊ะ', 'ทำงานระดับ 1-7', 12, 2, 8, 2, 1, 5, 1, 0, '14/09/2558', '2017-10-20 14:59:05'),
(219, '10-1031-100209-58-0011', 'โต๊ะ', 'ทำงานระดับ 1-7', 12, 2, 5, 2, 1, 5, 1, 0, '14/09/2558', '2017-10-20 14:58:28'),
(220, '10-1031-100209-58-0012', 'โต๊ะ', 'ทำงานระดับ 1-7', 12, 2, 5, 2, 1, 5, 1, 0, '14/09/2558', '2017-10-20 15:00:07'),
(221, '10-1031-100209-58-0013', 'เก้าอี้', 'ประกอบโต๊ะทำงานระดับ 8-9', 12, 2, 7, 2, 1, 5, 1, 0, '14/09/2558', '2017-10-20 15:01:00'),
(222, '10-1031-100209-58-0014', 'เก้าอี้', 'ประกอบโต๊ะทำงานระดับ 1-7', 12, 2, 8, 2, 1, 5, 1, 0, '14/09/2558', '2017-10-20 15:01:59'),
(223, '10-1031-100209-58-0015', 'เก้าอี้', 'ประกอบโต๊ะทำงานระดับ', 12, 2, 8, 2, 1, 5, 1, 0, '14/09/2558', '2017-10-20 15:02:47'),
(224, '10-1031-100209-58-0016', 'เก้าอี้', 'ประกอบโต๊ะทำงานระดับ 1-7', 12, 2, 8, 2, 1, 5, 1, 0, '14/09/2558', '2017-10-20 15:03:41'),
(225, '10-1031-100209-58-0017', 'เก้าอี้', 'ประกอบโต๊ะทำงานระดับ 1-7', 12, 2, 5, 2, 1, 5, 1, 0, '14/09/2558', '2017-10-20 15:04:32'),
(226, '10-1031-100209-58-0018', 'เก้าอี้', 'ประกอบโต๊ะทำงานระดับ 1-7', 12, 2, 5, 2, 1, 5, 1, 0, '14/09/2558', '2017-10-20 15:05:24'),
(227, '10-1031-100209-58-0019', 'เก้าอี้', 'ประกอบโต๊ะทำงานระดับ 1-7', 12, 2, 11, 2, 1, 5, 1, 0, '14/09/2558', '2017-10-20 15:06:11'),
(228, '10-1031-100209-59-0001', 'เครื่องวัดความดันน้ำ', 'ชนิดหล่อด้วยของเหลว', 14, 2, 5, 2, 1, 3, 1, 0, '05/05/2558', '2017-10-20 15:08:20'),
(229, '10-1031-100209-59-0002', 'เครื่องวัดความดันน้ำ', 'ชนิดหล่อด้วยของเหลว', 14, 2, 6, 2, 1, 3, 1, 0, '05/05/2558', '2017-10-20 15:08:06'),
(230, '10-1031-100209-59-0003', 'เครื่องวัดความดันน้ำ', 'ชนิดหล่อด้วยของเหลว', 14, 2, 7, 2, 1, 3, 1, 0, '05/05/2558', '2017-10-20 15:09:12'),
(231, '10-1031-100209-59-0004', 'เครื่องวัดความดันน้ำ', 'ชนิดหล่อด้วยของเหลว', 14, 2, 8, 2, 1, 3, 1, 0, '05/05/2558', '2017-10-20 15:10:01'),
(232, '10-1031-100209-59-0005', 'เครื่องวัดความดันน้ำ', 'ชนิดหล่อด้วยของเหลว', 14, 2, 9, 2, 1, 3, 1, 0, '05/05/2558', '2017-10-20 15:10:54');

-- --------------------------------------------------------

--
-- Table structure for table `asset_management`
--

CREATE TABLE IF NOT EXISTS `asset_management` (
  `id` int(11) NOT NULL AUTO_INCREMENT,
  `user_key` char(32) NOT NULL,
  `asset_id` int(11) NOT NULL,
  `manage_type` enum('BORROW','RETURN','PICK_UP','REPAIR','REPAIRED') NOT NULL,
  `quantity` int(11) NOT NULL,
  `create_date` datetime NOT NULL,
  `update_date` datetime NOT NULL,
  `note` text NOT NULL,
  PRIMARY KEY (`id`),
  KEY `asset_id` (`asset_id`)
) ENGINE=InnoDB  DEFAULT CHARSET=utf8 AUTO_INCREMENT=5 ;

--
-- Dumping data for table `asset_management`
--

INSERT INTO `asset_management` (`id`, `user_key`, `asset_id`, `manage_type`, `quantity`, `create_date`, `update_date`, `note`) VALUES
(3, 'e69f96d467377e3aed622e0e8a89f4ee', 5, 'PICK_UP', 1, '2017-08-08 11:51:24', '2017-08-08 11:51:24', ''),
(4, 'e69f96d467377e3aed622e0e8a89f4ee', 5, 'BORROW', 1, '2017-08-08 11:55:57', '2017-08-08 11:55:57', '');

-- --------------------------------------------------------

--
-- Table structure for table `asset_type`
--

CREATE TABLE IF NOT EXISTS `asset_type` (
  `id` int(11) NOT NULL AUTO_INCREMENT,
  `name` varchar(256) NOT NULL,
  PRIMARY KEY (`id`)
) ENGINE=InnoDB  DEFAULT CHARSET=utf8 AUTO_INCREMENT=3 ;

--
-- Dumping data for table `asset_type`
--

INSERT INTO `asset_type` (`id`, `name`) VALUES
(1, 'สินทรัพย์ถาวร'),
(2, 'วัสดุถาวร');

-- --------------------------------------------------------

--
-- Table structure for table `autonumber`
--

CREATE TABLE IF NOT EXISTS `autonumber` (
  `item_number` int(4) unsigned zerofill NOT NULL,
  `finance_number` int(4) unsigned zerofill NOT NULL,
  `quotation_number` int(4) unsigned zerofill NOT NULL,
  `invoice_number` int(4) unsigned zerofill NOT NULL,
  `year` int(4) unsigned zerofill NOT NULL,
  `month` int(2) unsigned zerofill NOT NULL,
  `day` int(2) unsigned zerofill NOT NULL,
  PRIMARY KEY (`finance_number`)
) ENGINE=InnoDB DEFAULT CHARSET=utf8;

--
-- Dumping data for table `autonumber`
--

INSERT INTO `autonumber` (`item_number`, `finance_number`, `quotation_number`, `invoice_number`, `year`, `month`, `day`) VALUES
(0001, 0001, 0001, 0001, 2016, 06, 20);

-- --------------------------------------------------------

--
-- Table structure for table `backup_logs`
--

CREATE TABLE IF NOT EXISTS `backup_logs` (
  `backup_key` varchar(32) NOT NULL,
  `backup_file` varchar(256) NOT NULL,
  `backup_date` timestamp NOT NULL DEFAULT CURRENT_TIMESTAMP,
  `user_key` char(32) NOT NULL,
  PRIMARY KEY (`backup_key`)
) ENGINE=InnoDB DEFAULT CHARSET=utf8;

--
-- Dumping data for table `backup_logs`
--

INSERT INTO `backup_logs` (`backup_key`, `backup_file`, `backup_date`, `user_key`) VALUES
('75792ec0ea173faa09ea571fdbbc5801', '2016-07-17.bk.sql', '2016-07-16 17:37:29', 'c37d695c6f1144abdefa8890a921b8fb');

-- --------------------------------------------------------

--
-- Table structure for table `card_info`
--

CREATE TABLE IF NOT EXISTS `card_info` (
  `card_key` char(32) NOT NULL,
  `card_code` varchar(16) NOT NULL,
  `card_customer_name` varchar(64) NOT NULL,
  `card_customer_lastname` varchar(64) NOT NULL,
  `card_customer_address` text NOT NULL,
  `card_customer_phone` varchar(128) NOT NULL,
  `card_customer_email` varchar(128) NOT NULL,
  `card_note` text NOT NULL,
  `card_done_aprox` date NOT NULL,
  `user_key` varchar(32) NOT NULL,
  `card_status` varchar(32) NOT NULL,
  `card_insert` timestamp NOT NULL DEFAULT CURRENT_TIMESTAMP,
  PRIMARY KEY (`card_key`)
) ENGINE=InnoDB DEFAULT CHARSET=utf8;

--
-- Dumping data for table `card_info`
--

INSERT INTO `card_info` (`card_key`, `card_code`, `card_customer_name`, `card_customer_lastname`, `card_customer_address`, `card_customer_phone`, `card_customer_email`, `card_note`, `card_done_aprox`, `user_key`, `card_status`, `card_insert`) VALUES
('', '', '', '', '', '', '', '', '0000-00-00', '', '', '2016-06-19 14:52:44'),
('c3545cddc7ee7f92ee4e2977bbaf97f1', 'CCEHC26L', 'บุญมา', 'ลาภมี', '123 หมู่ 1', '0812345678', 'test@email.com', '', '0000-00-00', '', '', '2016-05-18 16:56:37');

-- --------------------------------------------------------

--
-- Table structure for table `card_item`
--

CREATE TABLE IF NOT EXISTS `card_item` (
  `item_key` char(32) NOT NULL,
  `card_key` varchar(32) NOT NULL,
  `item_number` int(11) NOT NULL,
  `item_name` varchar(128) NOT NULL,
  `item_note` text NOT NULL,
  `item_price_aprox` float NOT NULL,
  `item_insert` timestamp NOT NULL DEFAULT CURRENT_TIMESTAMP,
  PRIMARY KEY (`item_key`)
) ENGINE=InnoDB DEFAULT CHARSET=utf8;

-- --------------------------------------------------------

--
-- Table structure for table `card_status`
--

CREATE TABLE IF NOT EXISTS `card_status` (
  `cstatus_key` char(32) NOT NULL,
  `card_key` varchar(32) NOT NULL,
  `card_status` varchar(32) NOT NULL,
  `card_status_note` text NOT NULL,
  `user_key` varchar(32) NOT NULL,
  `cstatus_insert` timestamp NOT NULL DEFAULT CURRENT_TIMESTAMP,
  PRIMARY KEY (`cstatus_key`)
) ENGINE=InnoDB DEFAULT CHARSET=utf8;

-- --------------------------------------------------------

--
-- Table structure for table `category`
--

CREATE TABLE IF NOT EXISTS `category` (
  `id` int(11) NOT NULL AUTO_INCREMENT,
  `code` varchar(16) NOT NULL,
  `name` varchar(256) NOT NULL,
  PRIMARY KEY (`id`)
) ENGINE=InnoDB  DEFAULT CHARSET=utf8 AUTO_INCREMENT=20 ;

--
-- Dumping data for table `category`
--

INSERT INTO `category` (`id`, `code`, `name`) VALUES
(12, 't003', 'ครุภัณฑ์สำนักงาน(03)'),
(13, 't004', 'ครุภัณฑ์ยานพาหนะและขนส่ง(04)'),
(14, 't005', 'ครุภัณ์ก่อสร้างและสำรวจ(05)'),
(15, 't006', 'ครุภัรฑ์ไฟฟ้าและวิทยุ(06)'),
(16, 't007', 'ครุภัณฑ์โฆษณาและเผยแพร่(07)'),
(17, 't009', 'ครุภัณฑ์โรงงานและจักรกล(09)'),
(18, 't010', 'ครุภัณฑ์ประปา(10)'),
(19, 't000', 'ครุภัณฑ์อื่นๆ');

-- --------------------------------------------------------

--
-- Table structure for table `language`
--

CREATE TABLE IF NOT EXISTS `language` (
  `language_code` varchar(16) NOT NULL,
  `language_name` varchar(32) NOT NULL,
  `language_status` tinyint(1) NOT NULL,
  PRIMARY KEY (`language_code`)
) ENGINE=InnoDB DEFAULT CHARSET=utf8;

--
-- Dumping data for table `language`
--

INSERT INTO `language` (`language_code`, `language_name`, `language_status`) VALUES
('en', 'English', 0),
('th', 'ภาษาไทย', 1);

-- --------------------------------------------------------

--
-- Table structure for table `list`
--

CREATE TABLE IF NOT EXISTS `list` (
  `cases` varchar(64) NOT NULL,
  `menu` varchar(64) NOT NULL,
  `pages` varchar(128) NOT NULL,
  `case_status` tinyint(1) NOT NULL DEFAULT '1',
  PRIMARY KEY (`cases`)
) ENGINE=MyISAM DEFAULT CHARSET=utf8;

--
-- Dumping data for table `list`
--

INSERT INTO `list` (`cases`, `menu`, `pages`, `case_status`) VALUES
('setting', 'setting', 'settings/setting.php', 1),
('member', 'member', 'members/member.php', 1),
('cashier', 'cashier', 'cashier/cashier.php', 1),
('report', 'report', 'report/report.php', 1),
('report_export', 'report', 'report/report_export.php', 1),
('report_movement', 'report', 'report/report_movement.php', 1),
('report_income', 'report', 'report/report_income.php', 1),
('report_income_detail', 'report', 'report/report_income_detail.php', 1),
('report_booking', 'report', 'report/report_booking.php', 1),
('report_logs', 'report', 'report/report_logs.php', 1),
('report_delivery', 'report', 'report/report_delivery.php', 1),
('report_delivery_detail', 'report', 'report/report_delivery_detail.php', 1),
('setting_users', 'setting', 'settings/setting_users.php', 1),
('setting_backup', 'setting', 'settings/setting_backup.php', 1),
('setting_unit', 'setting', 'settings/setting_unit.php', 0),
('setting_categories', 'setting', 'settings/setting_categories.php', 1),
('setting_member_group', 'setting', 'settings/setting_member_group.php', 1),
('setting_promotions', 'setting', 'settings/setting_promotions.php', 1),
('report_debt', 'report', 'report/report_debt.php', 1),
('report_creditor', 'report', 'report/report_creditor.php', 1),
('setting_info', 'setting', 'settings/setting_info.php', 1),
('setting_system', 'setting', 'settings/setting_system.php', 1),
('setting_user_access', 'setting', 'settings/setting_user_access.php', 1),
('administrator_access_list', 'setting', 'administrator/administrator_access_list.php', 1),
('administrator_cases', 'setting', 'administrator/administrator_cases.php', 1),
('administrator_menus', 'setting', 'administrator/administrator_menus.php', 1),
('administrator_modules', 'setting', 'administrator/administrator_modules.php', 1),
('administrator_helper', 'seting', 'administrator/administrator_helper.php', 1),
('cashier_member', 'cashier', 'cashier/cashier_member.php', 1),
('cashier_booking', 'cashier', 'cashier/cashier_booking.php', 1),
('product_detail', 'product', 'products/product_detail.php', 1),
('member_detail', 'member', 'members/member_detail.php', 1),
('new_member', 'member', 'members/new_member.php', 1),
('member_history', 'member', 'members/member_history.php', 1),
('setting_promotion_member', 'setting', 'settings/setting_promotion_member.php', 1),
('report_cancel', 'report', 'report/report_cancel.php', 1),
('card_all_status', 'card', 'card/card_all_status.php', 1),
('search', '', 'main/search.php', 1),
('card', 'card', 'card/card.php', 1),
('setting_card_status', 'setting', 'settings/setting_card_status.php', 1),
('card_create_detail', 'card_create', 'card/card_create_detail.php', 0),
('search_code', '', 'main/search.php', 1),
('card_create', 'card_create', 'card/main.php', 1),
('setting_products', 'setting', 'settings/setting_products.php', 1),
('asset', 'asset', 'asset/main.php', 1),
('setting_users_admin', 'setting', 'settings/setting_users_admin.php', 1),
('setting_asset_status', 'setting', 'settings/setting_asset_status.php', 1),
('setting_asset_category', 'setting', 'settings/setting_asset_category.php', 1),
('setting_asset_location', 'setting', 'settings/setting_asset_location.php', 1),
('setting_asset_source', 'setting', 'settings/setting_asset_source.php', 1),
('setting_asset_unit', 'setting', 'settings/setting_asset_unit.php', 1),
('asset_detail', 'asset', 'asset/asset_detail.php', 1),
('asset_main', 'asset', 'asset/main.php', 1),
('edit_member', 'member', 'members/edit_member.php', 1);

-- --------------------------------------------------------

--
-- Table structure for table `location`
--

CREATE TABLE IF NOT EXISTS `location` (
  `id` int(10) NOT NULL AUTO_INCREMENT,
  `code` varchar(16) NOT NULL,
  `name` varchar(256) NOT NULL,
  PRIMARY KEY (`id`)
) ENGINE=InnoDB  DEFAULT CHARSET=utf8 AUTO_INCREMENT=13 ;

--
-- Dumping data for table `location`
--

INSERT INTO `location` (`id`, `code`, `name`) VALUES
(1, 'p000', 'กองแผนและวิชาการ'),
(3, 'p002', 'ห้องผอ.กผว.'),
(4, 'p003', 'ห้องเก็บแบบ กผว.'),
(5, 'p004', 'งานแผนงาน กผว.'),
(6, 'p005', 'งานโครงสร้าง 1 กผว.'),
(7, 'p006', 'งานโครงสร้าง 2 กผว.'),
(8, 'p007', 'งานโครงสร้าง 3 กผว.'),
(9, 'p008', 'งานแหล่งน้ำ กผว.'),
(10, 'p009', 'งานธุรการ กผว.'),
(11, 'p001', 'ห้องคอมพิวเตอร์ กผว.'),
(12, 'p010', 'โรงซ่อม');

-- --------------------------------------------------------

--
-- Table structure for table `logs`
--

CREATE TABLE IF NOT EXISTS `logs` (
  `log_key` varchar(16) NOT NULL,
  `log_date` timestamp NOT NULL DEFAULT CURRENT_TIMESTAMP,
  `log_ipaddress` varchar(32) NOT NULL,
  `log_text` varchar(256) NOT NULL,
  `log_user` varchar(32) NOT NULL
) ENGINE=MyISAM DEFAULT CHARSET=utf8;

--
-- Dumping data for table `logs`
--

INSERT INTO `logs` (`log_key`, `log_date`, `log_ipaddress`, `log_text`, `log_user`) VALUES
('44d0a3cce355a5ed', '2016-05-18 15:45:50', '::1', 'dump เข้าสู่ระบบ.', 'c37d695c6f1144abdefa8890a921b8fb'),
('198f4996db34b087', '2016-05-18 15:48:20', '::1', 'dump ออกจากระบบ.', 'c37d695c6f1144abdefa8890a921b8fb'),
('ae644b35183b1504', '2016-05-18 15:53:14', '::1', 'iceoton เข้าสู่ระบบ.', 'c37d695c6f1144abdefa8890a921b8fb'),
('e98b4b97b10bb808', '2016-05-18 16:17:08', '::1', 'iceoton ออกจากระบบ.', 'c37d695c6f1144abdefa8890a921b8fb'),
('0eca5dddb58d05f0', '2016-05-18 16:17:20', '::1', 'user เข้าสู่ระบบ.', '4928155fe1db71a8065fe0b986c0af8b'),
('d99333836b23d8b4', '2016-05-18 16:20:05', '::1', 'user ออกจากระบบ.', '4928155fe1db71a8065fe0b986c0af8b'),
('dbca7a6db841aee6', '2016-05-18 16:20:18', '::1', 'iceoton เข้าสู่ระบบ.', 'c37d695c6f1144abdefa8890a921b8fb'),
('237ef3883f0d83d6', '2016-05-25 09:07:53', '::1', 'admin เข้าสู่ระบบ.', 'c37d695c6f1144abdefa8890a921b8fb'),
('3c5fe776f68b08e4', '2016-05-25 09:11:07', '::1', 'admin ออกจากระบบ.', 'c37d695c6f1144abdefa8890a921b8fb'),
('28d4b0e30aedaabf', '2016-05-25 09:11:18', '::1', 'admin เข้าสู่ระบบ.', 'c37d695c6f1144abdefa8890a921b8fb'),
('72a6e1fb586204fb', '2016-05-25 09:48:05', '::1', 'admin เข้าสู่ระบบ.', 'c37d695c6f1144abdefa8890a921b8fb'),
('ec7bd9d7bf7d99f8', '2016-05-25 10:01:56', '::1', 'admin เข้าสู่ระบบ.', 'c37d695c6f1144abdefa8890a921b8fb'),
('8662b9cbd949086e', '2016-05-25 10:20:57', '::1', 'admin ออกจากระบบ.', 'c37d695c6f1144abdefa8890a921b8fb'),
('1c510c6ada044cdb', '2016-05-25 10:21:49', '::1', 'root เข้าสู่ระบบ.', 'c37d695c6f1144abdefa8890a921b8fb'),
('cea9ba4ecece6a91', '2016-05-25 10:21:58', '::1', 'root ออกจากระบบ.', 'c37d695c6f1144abdefa8890a921b8fb'),
('9c88f5adaf1d8cf3', '2016-05-25 10:22:06', '::1', 'admin เข้าสู่ระบบ.', '4928155fe1db71a8065fe0b986c0af8b'),
('565283287464cb64', '2016-05-25 10:22:31', '::1', 'admin ออกจากระบบ.', '4928155fe1db71a8065fe0b986c0af8b'),
('1522025cb983ba43', '2016-05-25 10:22:35', '::1', 'root เข้าสู่ระบบ.', 'c37d695c6f1144abdefa8890a921b8fb'),
('c67561d4eca01915', '2016-05-25 10:22:59', '::1', 'root เข้าสู่ระบบ.', 'c37d695c6f1144abdefa8890a921b8fb'),
('5f0dc621b347f39d', '2016-05-25 10:23:12', '::1', 'root ออกจากระบบ.', 'c37d695c6f1144abdefa8890a921b8fb'),
('bd89bf1551ee912b', '2016-05-25 10:23:18', '::1', 'admin เข้าสู่ระบบ.', '4928155fe1db71a8065fe0b986c0af8b'),
('eb6291282884ade0', '2016-06-01 02:38:55', '::1', 'root เข้าสู่ระบบ.', 'c37d695c6f1144abdefa8890a921b8fb'),
('ba69651010de973b', '2016-06-01 02:49:33', '::1', 'root ออกจากระบบ.', 'c37d695c6f1144abdefa8890a921b8fb'),
('bb161a2e8a19b2b2', '2016-06-01 02:49:37', '::1', 'root เข้าสู่ระบบ.', 'c37d695c6f1144abdefa8890a921b8fb'),
('c8dee9255f59dfa4', '2016-06-01 02:49:40', '::1', 'root เข้าสู่ระบบ.', 'c37d695c6f1144abdefa8890a921b8fb'),
('199b5d6e4afb83da', '2016-06-01 02:49:42', '::1', 'root ออกจากระบบ.', 'c37d695c6f1144abdefa8890a921b8fb'),
('7ed5bb91f7c2ece4', '2016-06-01 02:49:44', '::1', 'root เข้าสู่ระบบ.', 'c37d695c6f1144abdefa8890a921b8fb'),
('53a64585c53b0414', '2016-06-01 02:49:45', '::1', 'root ออกจากระบบ.', 'c37d695c6f1144abdefa8890a921b8fb'),
('c014cb59d80054b2', '2016-06-01 02:49:47', '::1', 'root เข้าสู่ระบบ.', 'c37d695c6f1144abdefa8890a921b8fb'),
('cb84ac184229feaa', '2016-06-01 02:49:48', '::1', 'root ออกจากระบบ.', 'c37d695c6f1144abdefa8890a921b8fb'),
('71d774e77aa1c872', '2016-06-01 02:49:50', '::1', 'root เข้าสู่ระบบ.', 'c37d695c6f1144abdefa8890a921b8fb'),
('0c04b772dac75743', '2016-06-01 02:49:51', '::1', 'root ออกจากระบบ.', 'c37d695c6f1144abdefa8890a921b8fb'),
('7bfd0a4c6b144d08', '2016-06-01 02:49:52', '::1', 'root เข้าสู่ระบบ.', 'c37d695c6f1144abdefa8890a921b8fb'),
('458a5ebaa62e4e5d', '2016-06-01 02:49:54', '::1', 'root ออกจากระบบ.', 'c37d695c6f1144abdefa8890a921b8fb'),
('c30695ca516017b2', '2016-06-01 02:49:55', '::1', 'root เข้าสู่ระบบ.', 'c37d695c6f1144abdefa8890a921b8fb'),
('340c3c2bb63bf6d3', '2016-06-01 02:49:56', '::1', 'root ออกจากระบบ.', 'c37d695c6f1144abdefa8890a921b8fb'),
('b3b4a015cc188c03', '2016-06-01 02:49:57', '::1', 'root เข้าสู่ระบบ.', 'c37d695c6f1144abdefa8890a921b8fb'),
('19bb8a9ebc4b9385', '2016-06-01 02:49:58', '::1', 'root ออกจากระบบ.', 'c37d695c6f1144abdefa8890a921b8fb'),
('e5d356e3c92f7ac0', '2016-06-01 02:50:03', '::1', 'root เข้าสู่ระบบ.', 'c37d695c6f1144abdefa8890a921b8fb'),
('22600d5fe08bd294', '2016-06-01 02:50:04', '::1', 'root ออกจากระบบ.', 'c37d695c6f1144abdefa8890a921b8fb'),
('2b20a24ed43badbe', '2016-06-01 02:50:05', '::1', 'root เข้าสู่ระบบ.', 'c37d695c6f1144abdefa8890a921b8fb'),
('7423d3657eda6340', '2016-06-01 02:50:06', '::1', 'root ออกจากระบบ.', 'c37d695c6f1144abdefa8890a921b8fb'),
('677c47cfe8a32ce9', '2016-06-01 02:50:07', '::1', 'root เข้าสู่ระบบ.', 'c37d695c6f1144abdefa8890a921b8fb'),
('f17a0fb0701ffe73', '2016-06-01 02:50:08', '::1', 'root ออกจากระบบ.', 'c37d695c6f1144abdefa8890a921b8fb'),
('b4c0a5ac5c660db2', '2016-06-01 02:50:10', '::1', 'root เข้าสู่ระบบ.', 'c37d695c6f1144abdefa8890a921b8fb'),
('a15d0a27dd86cd19', '2016-06-01 02:50:11', '::1', 'root ออกจากระบบ.', 'c37d695c6f1144abdefa8890a921b8fb'),
('3af59553d329ccfa', '2016-06-01 02:50:12', '::1', 'root เข้าสู่ระบบ.', 'c37d695c6f1144abdefa8890a921b8fb'),
('f6083425c232df5a', '2016-06-01 02:50:49', '::1', 'root ออกจากระบบ.', 'c37d695c6f1144abdefa8890a921b8fb'),
('d7eb26ab84962a8c', '2016-06-01 02:50:51', '::1', 'root เข้าสู่ระบบ.', 'c37d695c6f1144abdefa8890a921b8fb'),
('0d4cec83927e548d', '2016-06-01 02:50:52', '::1', 'root ออกจากระบบ.', 'c37d695c6f1144abdefa8890a921b8fb'),
('16d3a8cea9d2cd12', '2016-06-01 02:50:53', '::1', 'root เข้าสู่ระบบ.', 'c37d695c6f1144abdefa8890a921b8fb'),
('7c1d87f15048d7a9', '2016-06-01 02:50:55', '::1', 'root ออกจากระบบ.', 'c37d695c6f1144abdefa8890a921b8fb'),
('89313de48f77b79a', '2016-06-01 02:50:56', '::1', 'root เข้าสู่ระบบ.', 'c37d695c6f1144abdefa8890a921b8fb'),
('028eba5351758d31', '2016-06-01 02:50:57', '::1', 'root ออกจากระบบ.', 'c37d695c6f1144abdefa8890a921b8fb'),
('02338d3c3a97c5be', '2016-06-01 02:50:59', '::1', 'root เข้าสู่ระบบ.', 'c37d695c6f1144abdefa8890a921b8fb'),
('25ace0d1f36aa92f', '2016-06-01 02:51:00', '::1', 'root ออกจากระบบ.', 'c37d695c6f1144abdefa8890a921b8fb'),
('dc8dcdc9a86cebd3', '2016-06-01 02:51:01', '::1', 'root เข้าสู่ระบบ.', 'c37d695c6f1144abdefa8890a921b8fb'),
('c5bc3fedf02d21eb', '2016-06-01 02:51:02', '::1', 'root ออกจากระบบ.', 'c37d695c6f1144abdefa8890a921b8fb'),
('4f713ee1c9900561', '2016-06-01 02:51:03', '::1', 'root เข้าสู่ระบบ.', 'c37d695c6f1144abdefa8890a921b8fb'),
('3c8cdcae919096e7', '2016-06-01 02:51:29', '::1', 'root ออกจากระบบ.', 'c37d695c6f1144abdefa8890a921b8fb'),
('34a22931fc83630c', '2016-06-01 02:51:31', '::1', 'root เข้าสู่ระบบ.', 'c37d695c6f1144abdefa8890a921b8fb'),
('213837997916c7f7', '2016-06-01 03:03:51', '::1', 'root ออกจากระบบ.', 'c37d695c6f1144abdefa8890a921b8fb'),
('037e9da546d3fdc4', '2016-06-07 15:42:29', '::1', 'root เข้าสู่ระบบ.', 'c37d695c6f1144abdefa8890a921b8fb'),
('96bcddf69accdb8c', '2016-06-07 15:50:55', '::1', 'root ออกจากระบบ.', 'c37d695c6f1144abdefa8890a921b8fb'),
('8663ce8b281b008d', '2016-06-07 15:50:57', '::1', 'root เข้าสู่ระบบ.', 'c37d695c6f1144abdefa8890a921b8fb'),
('3984997891e43c75', '2016-06-12 17:43:26', '::1', 'root เข้าสู่ระบบ.', 'c37d695c6f1144abdefa8890a921b8fb'),
('7547f1d5c11b4152', '2016-06-12 18:59:34', '::1', 'root เข้าสู่ระบบ.', 'c37d695c6f1144abdefa8890a921b8fb'),
('7439a9b320e86624', '2016-06-13 16:01:26', '::1', 'root เข้าสู่ระบบ.', 'c37d695c6f1144abdefa8890a921b8fb'),
('dbcb89fc741e6023', '2016-06-13 16:29:25', '::1', 'root ออกจากระบบ.', 'c37d695c6f1144abdefa8890a921b8fb'),
('aa1a6861b8889366', '2016-06-13 16:29:27', '::1', 'root เข้าสู่ระบบ.', 'c37d695c6f1144abdefa8890a921b8fb'),
('c046beb340690e0b', '2016-06-13 16:53:04', '::1', 'root ออกจากระบบ.', 'c37d695c6f1144abdefa8890a921b8fb'),
('f386a507fa20a20b', '2016-06-13 16:53:06', '::1', 'root เข้าสู่ระบบ.', 'c37d695c6f1144abdefa8890a921b8fb'),
('2b7681b2b6b3c3aa', '2016-06-13 17:24:11', '::1', 'root ออกจากระบบ.', 'c37d695c6f1144abdefa8890a921b8fb'),
('6b6c59cc3adcfafb', '2016-06-13 17:24:12', '::1', 'root เข้าสู่ระบบ.', 'c37d695c6f1144abdefa8890a921b8fb'),
('2ed427045a041550', '2016-06-13 17:26:12', '::1', 'root ออกจากระบบ.', 'c37d695c6f1144abdefa8890a921b8fb'),
('d0c812cf05d96b89', '2016-06-13 17:26:13', '::1', 'root เข้าสู่ระบบ.', 'c37d695c6f1144abdefa8890a921b8fb'),
('040a9fd40228822a', '2016-06-13 17:37:22', '::1', 'root ออกจากระบบ.', 'c37d695c6f1144abdefa8890a921b8fb'),
('e3f5460720a66454', '2016-06-13 17:37:24', '::1', 'root เข้าสู่ระบบ.', 'c37d695c6f1144abdefa8890a921b8fb'),
('9fa8cb4e654a0d52', '2016-06-14 02:18:55', '::1', 'root เข้าสู่ระบบ.', 'c37d695c6f1144abdefa8890a921b8fb'),
('e9da8a87f20b1d44', '2016-06-14 03:39:08', '::1', 'root ออกจากระบบ.', 'c37d695c6f1144abdefa8890a921b8fb'),
('52cb967edc37ba2b', '2016-06-14 03:39:19', '::1', 'admin เข้าสู่ระบบ.', '4928155fe1db71a8065fe0b986c0af8b'),
('eb954034aded206d', '2016-06-14 03:49:07', '::1', 'admin ออกจากระบบ.', '4928155fe1db71a8065fe0b986c0af8b'),
('c8ec81bbe258bd6d', '2016-06-14 03:49:08', '::1', 'root เข้าสู่ระบบ.', 'c37d695c6f1144abdefa8890a921b8fb'),
('99ee35dbef89da9b', '2016-06-15 23:48:31', '::1', 'root เข้าสู่ระบบ.', 'c37d695c6f1144abdefa8890a921b8fb'),
('f077cd48352bec5e', '2016-06-15 23:49:30', '::1', 'root ออกจากระบบ.', 'c37d695c6f1144abdefa8890a921b8fb'),
('e2e465e4cd23a7db', '2016-06-15 23:49:31', '::1', 'root เข้าสู่ระบบ.', 'c37d695c6f1144abdefa8890a921b8fb'),
('102322af0dbba20c', '2016-06-17 15:50:19', '::1', 'root ออกจากระบบ.', 'c37d695c6f1144abdefa8890a921b8fb'),
('8e19eb35a47049be', '2016-06-17 15:50:45', '::1', 'root เข้าสู่ระบบ.', 'c37d695c6f1144abdefa8890a921b8fb'),
('2ed51a57c90df4d3', '2016-06-17 15:54:14', '::1', 'root ออกจากระบบ.', 'c37d695c6f1144abdefa8890a921b8fb'),
('6d9ed0ce245cf07b', '2016-06-17 15:54:27', '::1', 'root เข้าสู่ระบบ.', 'c37d695c6f1144abdefa8890a921b8fb'),
('4f645ea685e23f68', '2016-06-19 18:35:33', '::1', 'root ออกจากระบบ.', 'c37d695c6f1144abdefa8890a921b8fb'),
('ab65e7e05f72f1ad', '2016-06-19 18:35:47', '::1', 'root เข้าสู่ระบบ.', 'c37d695c6f1144abdefa8890a921b8fb'),
('de4c1b0302b01200', '2016-06-19 18:47:16', '::1', 'firstuser เข้าสู่ระบบ.', '47bbc26e7e43fd828935a8591085ac13'),
('e3c33fde24483697', '2016-06-19 18:47:39', '::1', 'firstuser เข้าสู่ระบบ.', '47bbc26e7e43fd828935a8591085ac13'),
('dd2dc5c5028f6f08', '2016-06-20 14:05:25', '::1', 'root ออกจากระบบ.', 'c37d695c6f1144abdefa8890a921b8fb'),
('2fc21e68624a9569', '2016-06-20 14:05:26', '::1', 'root เข้าสู่ระบบ.', 'c37d695c6f1144abdefa8890a921b8fb'),
('bb5a3dbd47a32bc7', '2016-06-20 14:10:14', '::1', 'root ออกจากระบบ.', 'c37d695c6f1144abdefa8890a921b8fb'),
('2cd63710a46ad50d', '2016-06-20 14:10:19', '::1', 'somchai เข้าสู่ระบบ.', 'e69f96d467377e3aed622e0e8a89f4ee'),
('51f8269c69a38d15', '2016-06-20 14:10:30', '::1', 'somchai ออกจากระบบ.', 'e69f96d467377e3aed622e0e8a89f4ee'),
('ea77464fd4ddfe14', '2016-06-20 14:10:32', '::1', 'root เข้าสู่ระบบ.', 'c37d695c6f1144abdefa8890a921b8fb'),
('f79148fdd9a57ffd', '2016-06-20 14:10:43', '::1', 'root ออกจากระบบ.', 'c37d695c6f1144abdefa8890a921b8fb'),
('eb30a1b7b00bafae', '2016-06-20 14:19:38', '::1', 'root เข้าสู่ระบบ.', 'c37d695c6f1144abdefa8890a921b8fb'),
('41ff5367171d30ee', '2016-06-20 14:20:55', '::1', 'root ออกจากระบบ.', 'c37d695c6f1144abdefa8890a921b8fb'),
('e08c7001474530cd', '2016-06-20 14:21:00', '::1', 'user_1 เข้าสู่ระบบ.', '3ffa07286037f8dd5508192ed7ca719e'),
('fa50e0e06f5e6321', '2016-06-20 14:21:17', '::1', 'user_1 เข้าสู่ระบบ.', '3ffa07286037f8dd5508192ed7ca719e'),
('2ef2b73971f5bd9f', '2016-06-20 14:21:44', '::1', 'root เข้าสู่ระบบ.', 'c37d695c6f1144abdefa8890a921b8fb'),
('018e19c5885ac848', '2016-06-20 14:22:22', '::1', 'root ออกจากระบบ.', 'c37d695c6f1144abdefa8890a921b8fb'),
('71a98749df516e1d', '2016-06-20 14:22:24', '::1', 'root เข้าสู่ระบบ.', 'c37d695c6f1144abdefa8890a921b8fb'),
('cdf087227312bb1e', '2016-06-20 14:22:26', '::1', 'root ออกจากระบบ.', 'c37d695c6f1144abdefa8890a921b8fb'),
('52754153e7acfb19', '2016-06-20 14:26:59', '::1', 'root เข้าสู่ระบบ.', 'c37d695c6f1144abdefa8890a921b8fb'),
('53ff8d0c707c3d85', '2016-06-20 14:27:10', '::1', 'somchai เข้าสู่ระบบ.', 'e69f96d467377e3aed622e0e8a89f4ee'),
('a934011dbb4ef868', '2016-06-20 14:27:36', '::1', 'somchai เข้าสู่ระบบ.', 'e69f96d467377e3aed622e0e8a89f4ee'),
('d7920be083098ef7', '2016-06-20 14:28:07', '::1', 'somchai เข้าสู่ระบบ.', 'e69f96d467377e3aed622e0e8a89f4ee'),
('d13b6a2ba367492b', '2016-06-20 14:30:23', '::1', 'root เข้าสู่ระบบ.', 'c37d695c6f1144abdefa8890a921b8fb'),
('c270514ca7225ee5', '2016-06-20 16:34:03', '127.4.145.1', 'admin เข้าสู่ระบบ.', '4928155fe1db71a8065fe0b986c0af8b'),
('b3413faa4cb19914', '2016-06-20 16:35:22', '127.4.145.1', 'admin ออกจากระบบ.', '4928155fe1db71a8065fe0b986c0af8b'),
('427a4d682d60000c', '2016-06-20 16:37:18', '127.4.145.1', 'admin เข้าสู่ระบบ.', '4928155fe1db71a8065fe0b986c0af8b'),
('4a4c221c11b16a3f', '2016-06-21 01:54:58', '127.4.145.1', 'admin เข้าสู่ระบบ.', '4928155fe1db71a8065fe0b986c0af8b'),
('afe1dd5ad2d5b22d', '2016-06-21 01:56:14', '127.4.145.1', 'admin ออกจากระบบ.', '4928155fe1db71a8065fe0b986c0af8b'),
('7c56756c913da5a8', '2016-06-21 01:56:41', '127.4.145.1', 'admin เข้าสู่ระบบ.', '4928155fe1db71a8065fe0b986c0af8b'),
('8bdd016c8939463e', '2016-06-21 02:00:42', '127.4.145.1', 'admin ออกจากระบบ.', '4928155fe1db71a8065fe0b986c0af8b'),
('ea7bc1b07fc242bf', '2016-06-21 09:47:18', '127.4.145.1', 'admin เข้าสู่ระบบ.', '4928155fe1db71a8065fe0b986c0af8b'),
('e9a1ac350b8c1de9', '2016-06-28 01:52:16', '127.4.145.1', 'admin เข้าสู่ระบบ.', '4928155fe1db71a8065fe0b986c0af8b'),
('d206ab199d823e68', '2016-06-28 02:12:25', '127.4.145.1', 'admin ออกจากระบบ.', '4928155fe1db71a8065fe0b986c0af8b'),
('c416d6492a57de99', '2016-06-29 16:02:22', '127.4.145.1', 'admin เข้าสู่ระบบ.', '4928155fe1db71a8065fe0b986c0af8b'),
('40dd0bb4bd77d3a6', '2016-06-29 16:29:19', '127.4.145.1', 'admin เข้าสู่ระบบ.', '4928155fe1db71a8065fe0b986c0af8b'),
('d8ab9a3ced68ba13', '2016-06-29 16:33:50', '127.4.145.1', 'admin ออกจากระบบ.', '4928155fe1db71a8065fe0b986c0af8b'),
('bfd3184c5e3c90f3', '2016-06-29 16:34:50', '127.4.145.1', 'root เข้าสู่ระบบ.', 'c37d695c6f1144abdefa8890a921b8fb'),
('9d0973e1c765c320', '2016-06-29 16:37:22', '127.4.145.1', 'root ออกจากระบบ.', 'c37d695c6f1144abdefa8890a921b8fb'),
('91b6ff2775eb7774', '2016-06-29 16:37:24', '127.4.145.1', 'admin เข้าสู่ระบบ.', '4928155fe1db71a8065fe0b986c0af8b'),
('7ff7b939c333cce9', '2016-06-29 16:51:00', '127.4.145.1', 'admin ออกจากระบบ.', '4928155fe1db71a8065fe0b986c0af8b'),
('b6d3d7ea26fe8630', '2016-06-30 01:37:20', '127.4.145.1', 'admin เข้าสู่ระบบ.', '4928155fe1db71a8065fe0b986c0af8b'),
('b5c429cdaa8561bf', '2016-06-30 03:08:18', '127.4.145.1', 'admin ออกจากระบบ.', '4928155fe1db71a8065fe0b986c0af8b'),
('aceea45d6452f537', '2016-06-30 04:28:00', '127.4.145.1', 'admin เข้าสู่ระบบ.', '4928155fe1db71a8065fe0b986c0af8b'),
('c7984b98d6cd23b2', '2016-06-30 04:29:26', '127.4.145.1', 'admin ออกจากระบบ.', '4928155fe1db71a8065fe0b986c0af8b'),
('f22ab4904e7f1820', '2016-06-30 13:14:40', '127.4.145.1', 'admin เข้าสู่ระบบ.', '4928155fe1db71a8065fe0b986c0af8b'),
('7441f4d2c0e8968c', '2016-06-30 13:15:34', '127.4.145.1', 'admin ออกจากระบบ.', '4928155fe1db71a8065fe0b986c0af8b'),
('cd9dde3f9dfc6110', '2016-07-01 13:50:48', '127.4.145.1', 'admin เข้าสู่ระบบ.', '4928155fe1db71a8065fe0b986c0af8b'),
('d0a8f7cb35aeec62', '2016-07-01 13:55:29', '127.4.145.1', 'admin ออกจากระบบ.', '4928155fe1db71a8065fe0b986c0af8b'),
('134b4f573054c163', '2016-07-06 07:40:55', '127.4.145.1', 'admin เข้าสู่ระบบ.', '4928155fe1db71a8065fe0b986c0af8b'),
('af1f5f0f541d8a14', '2016-07-06 16:53:19', '127.4.145.1', 'admin เข้าสู่ระบบ.', '4928155fe1db71a8065fe0b986c0af8b'),
('136dbd12c67d1ea9', '2016-07-06 17:00:39', '127.4.145.1', 'admin ออกจากระบบ.', '4928155fe1db71a8065fe0b986c0af8b'),
('f76a2bdf7707a361', '2016-07-06 17:01:03', '127.4.145.1', 'root เข้าสู่ระบบ.', 'c37d695c6f1144abdefa8890a921b8fb'),
('c714ca6697a9d618', '2016-07-08 16:12:52', '127.4.145.1', 'admin เข้าสู่ระบบ.', '4928155fe1db71a8065fe0b986c0af8b'),
('0e1f67d688636a02', '2016-07-08 16:14:20', '127.4.145.1', 'admin ออกจากระบบ.', '4928155fe1db71a8065fe0b986c0af8b'),
('e62badbd0176e0e5', '2016-07-10 09:16:51', '127.4.145.1', 'admin เข้าสู่ระบบ.', '4928155fe1db71a8065fe0b986c0af8b'),
('1e66d930e01f57ee', '2016-07-12 02:50:08', '127.4.145.1', 'admin เข้าสู่ระบบ.', '4928155fe1db71a8065fe0b986c0af8b'),
('a003b302668d59c6', '2016-07-12 02:52:26', '127.4.145.1', 'admin ออกจากระบบ.', '4928155fe1db71a8065fe0b986c0af8b'),
('dd8490a6cffedc9f', '2016-07-16 17:36:36', '127.4.145.1', 'admin เข้าสู่ระบบ.', '4928155fe1db71a8065fe0b986c0af8b'),
('1617550d40d7e617', '2016-07-16 17:36:48', '127.4.145.1', 'admin ออกจากระบบ.', '4928155fe1db71a8065fe0b986c0af8b'),
('3959534a490fc4c1', '2016-07-16 17:37:12', '127.4.145.1', 'root เข้าสู่ระบบ.', 'c37d695c6f1144abdefa8890a921b8fb'),
('b96d7b83a322836a', '2016-07-16 17:40:42', '127.4.145.1', 'root เข้าสู่ระบบ.', 'c37d695c6f1144abdefa8890a921b8fb'),
('9ef92e0e3b0e1542', '2016-07-18 10:01:26', '127.4.145.1', 'root เข้าสู่ระบบ.', 'c37d695c6f1144abdefa8890a921b8fb'),
('376c685faffcd52e', '2016-07-18 10:08:17', '127.4.145.1', 'root เข้าสู่ระบบ.', 'c37d695c6f1144abdefa8890a921b8fb'),
('5cbf875c911e117c', '2016-07-18 15:32:38', '127.4.145.1', 'root เข้าสู่ระบบ.', 'c37d695c6f1144abdefa8890a921b8fb'),
('b6c96e47ec69d1a9', '2016-07-18 15:32:51', '127.4.145.1', 'root ออกจากระบบ.', 'c37d695c6f1144abdefa8890a921b8fb'),
('ac58f2d5a8e280d3', '2016-07-19 03:29:38', '127.4.145.1', 'admin เข้าสู่ระบบ.', '4928155fe1db71a8065fe0b986c0af8b'),
('fef7c2cfe700812e', '2016-07-19 03:30:52', '127.4.145.1', 'admin ออกจากระบบ.', '4928155fe1db71a8065fe0b986c0af8b'),
('b19a9df49a8bff1c', '2016-07-19 03:54:27', '127.4.145.1', 'admin เข้าสู่ระบบ.', '4928155fe1db71a8065fe0b986c0af8b'),
('c750c34b023acc82', '2016-07-19 04:26:49', '127.4.145.1', 'admin ออกจากระบบ.', '4928155fe1db71a8065fe0b986c0af8b'),
('a4982752c3153e9d', '2016-08-14 13:32:16', '127.4.145.1', 'root เข้าสู่ระบบ.', 'c37d695c6f1144abdefa8890a921b8fb'),
('37351d6ac7697f64', '2016-08-14 13:55:55', '127.4.145.1', 'root ออกจากระบบ.', 'c37d695c6f1144abdefa8890a921b8fb'),
('47c5bd25c510902f', '2016-08-14 13:56:12', '127.4.145.1', 'root เข้าสู่ระบบ.', 'c37d695c6f1144abdefa8890a921b8fb'),
('ea926c2f05ab7fd0', '2016-08-19 15:35:48', '127.4.145.1', 'admin เข้าสู่ระบบ.', '4928155fe1db71a8065fe0b986c0af8b'),
('fe875b35460d8634', '2016-10-09 04:04:26', '127.4.145.1', 'root เข้าสู่ระบบ.', 'c37d695c6f1144abdefa8890a921b8fb'),
('c03d023340cdc73d', '2016-10-09 04:07:03', '127.4.145.1', 'root เข้าสู่ระบบ.', 'c37d695c6f1144abdefa8890a921b8fb'),
('0052875204f2e9dc', '2016-10-17 16:35:30', '127.4.145.1', 'root เข้าสู่ระบบ.', 'c37d695c6f1144abdefa8890a921b8fb'),
('856e85371eee2c5b', '2016-10-19 03:17:20', '127.4.145.1', 'root เข้าสู่ระบบ.', 'c37d695c6f1144abdefa8890a921b8fb'),
('100dd148a3c7cdf3', '2016-10-24 03:27:49', '127.4.145.1', 'root เข้าสู่ระบบ.', 'c37d695c6f1144abdefa8890a921b8fb'),
('33dcd4d5ff298b13', '2016-10-30 23:27:47', '127.4.145.1', 'root เข้าสู่ระบบ.', 'c37d695c6f1144abdefa8890a921b8fb'),
('c394ced3be2454e2', '2016-10-30 23:27:55', '127.4.145.1', 'root ออกจากระบบ.', 'c37d695c6f1144abdefa8890a921b8fb'),
('848de7b44c1c411b', '2016-10-30 23:32:00', '127.4.145.1', 'root เข้าสู่ระบบ.', 'c37d695c6f1144abdefa8890a921b8fb'),
('c9a9138cc5c5f1ee', '2016-10-31 09:54:27', '127.4.145.1', 'root เข้าสู่ระบบ.', 'c37d695c6f1144abdefa8890a921b8fb'),
('df77c620c2df6169', '2016-11-03 09:44:06', '127.4.145.1', 'root เข้าสู่ระบบ.', 'c37d695c6f1144abdefa8890a921b8fb'),
('112e9cf2ecc33df8', '2016-11-04 09:03:34', '127.4.145.1', 'admin เข้าสู่ระบบ.', '4928155fe1db71a8065fe0b986c0af8b'),
('4b61e6da618bcc69', '2016-11-04 09:07:31', '127.4.145.1', 'admin ออกจากระบบ.', '4928155fe1db71a8065fe0b986c0af8b'),
('0965534f239922df', '2016-11-20 08:38:20', '127.4.145.1', 'root เข้าสู่ระบบ.', 'c37d695c6f1144abdefa8890a921b8fb'),
('97b2c86bdab6a29c', '2016-11-20 14:35:01', '127.4.145.1', 'root เข้าสู่ระบบ.', 'c37d695c6f1144abdefa8890a921b8fb'),
('83c008924a1804d7', '2016-11-20 14:49:38', '127.4.145.1', 'admin เข้าสู่ระบบ.', '4928155fe1db71a8065fe0b986c0af8b'),
('0125e60191f96ca7', '2016-11-20 15:03:50', '127.4.145.1', 'admin ออกจากระบบ.', '4928155fe1db71a8065fe0b986c0af8b'),
('ab0acd83b7027fcb', '2016-11-23 02:38:25', '127.4.145.1', 'admin เข้าสู่ระบบ.', '4928155fe1db71a8065fe0b986c0af8b'),
('822261aa5d520c6d', '2016-11-23 03:26:32', '127.4.145.1', 'root เข้าสู่ระบบ.', 'c37d695c6f1144abdefa8890a921b8fb'),
('8555b125bbeac5c9', '2016-11-23 07:33:55', '127.4.145.1', 'admin ออกจากระบบ.', '4928155fe1db71a8065fe0b986c0af8b'),
('fc51a6052e4d1fff', '2016-11-23 09:04:40', '127.4.145.1', 'admin เข้าสู่ระบบ.', '4928155fe1db71a8065fe0b986c0af8b'),
('f1a3c04c764a6142', '2016-11-23 09:23:24', '127.4.145.1', 'admin ออกจากระบบ.', '4928155fe1db71a8065fe0b986c0af8b'),
('a98b3196c81ccd21', '2016-11-23 15:30:18', '127.4.145.1', 'admin เข้าสู่ระบบ.', '4928155fe1db71a8065fe0b986c0af8b'),
('0c478a3f9c1cad92', '2016-11-23 16:10:03', '127.4.145.1', 'root เข้าสู่ระบบ.', 'c37d695c6f1144abdefa8890a921b8fb'),
('df29f39fbbae021a', '2016-11-24 02:39:09', '127.4.145.1', 'admin เข้าสู่ระบบ.', '4928155fe1db71a8065fe0b986c0af8b'),
('ba9b8faf75c0e263', '2016-11-24 04:02:54', '127.4.145.1', 'admin ออกจากระบบ.', '4928155fe1db71a8065fe0b986c0af8b'),
('b29b7c0ea74ec565', '2016-11-24 04:02:56', '127.4.145.1', 'admin เข้าสู่ระบบ.', '4928155fe1db71a8065fe0b986c0af8b'),
('e7623462ded9c987', '2016-11-24 04:14:38', '127.4.145.1', 'admin ออกจากระบบ.', '4928155fe1db71a8065fe0b986c0af8b'),
('444219f9188f9a61', '2016-11-27 09:06:32', '127.4.145.1', 'admin เข้าสู่ระบบ.', '4928155fe1db71a8065fe0b986c0af8b'),
('7a676c1b4901a665', '2016-11-27 09:09:57', '127.4.145.1', 'admin ออกจากระบบ.', '4928155fe1db71a8065fe0b986c0af8b'),
('33cf647735d0f59f', '2016-11-29 14:19:19', '127.4.145.1', 'admin เข้าสู่ระบบ.', '4928155fe1db71a8065fe0b986c0af8b'),
('1fd400a11dbccd7b', '2016-12-06 04:51:32', '127.4.145.1', 'admin เข้าสู่ระบบ.', '4928155fe1db71a8065fe0b986c0af8b'),
('6f37f64dfa747846', '2016-12-07 03:01:16', '127.4.145.1', 'admin เข้าสู่ระบบ.', '4928155fe1db71a8065fe0b986c0af8b'),
('6f9181c6b9ff3de8', '2016-12-07 03:04:49', '127.4.145.1', 'admin ออกจากระบบ.', '4928155fe1db71a8065fe0b986c0af8b'),
('50c5f7e03c772909', '2016-12-07 03:05:22', '127.4.145.1', 'admin เข้าสู่ระบบ.', '4928155fe1db71a8065fe0b986c0af8b'),
('4ebce7ad22fa8d38', '2016-12-07 03:06:32', '127.4.145.1', 'admin ออกจากระบบ.', '4928155fe1db71a8065fe0b986c0af8b'),
('2ba7b470ac6d79e5', '2016-12-07 03:47:05', '127.4.145.1', 'admin เข้าสู่ระบบ.', '4928155fe1db71a8065fe0b986c0af8b'),
('9bbd2a5917d07c74', '2016-12-07 03:48:25', '127.4.145.1', 'admin ออกจากระบบ.', '4928155fe1db71a8065fe0b986c0af8b'),
('d95d2fbbad139b55', '2016-12-07 07:23:29', '127.4.145.1', 'admin เข้าสู่ระบบ.', '4928155fe1db71a8065fe0b986c0af8b'),
('2415913c1b3f1d36', '2016-12-07 08:27:29', '127.4.145.1', 'admin ออกจากระบบ.', '4928155fe1db71a8065fe0b986c0af8b'),
('e54783c70e8c9657', '2016-12-07 08:27:47', '127.4.145.1', 'admin เข้าสู่ระบบ.', '4928155fe1db71a8065fe0b986c0af8b'),
('9b9fafedce3391f6', '2016-12-07 08:29:58', '127.4.145.1', 'admin ออกจากระบบ.', '4928155fe1db71a8065fe0b986c0af8b'),
('a9d1048f68f0f844', '2016-12-07 08:30:23', '127.4.145.1', 'admin เข้าสู่ระบบ.', '4928155fe1db71a8065fe0b986c0af8b'),
('d2b71e2eb57dac6f', '2016-12-07 08:33:05', '127.4.145.1', 'admin ออกจากระบบ.', '4928155fe1db71a8065fe0b986c0af8b'),
('3323ca008ba93b9e', '2016-12-07 08:33:35', '127.4.145.1', 'admin เข้าสู่ระบบ.', '4928155fe1db71a8065fe0b986c0af8b'),
('62976c5dd2ecd952', '2016-12-07 08:37:58', '127.4.145.1', 'admin ออกจากระบบ.', '4928155fe1db71a8065fe0b986c0af8b'),
('92b29d6dee760cd2', '2016-12-07 08:53:17', '127.4.145.1', 'root เข้าสู่ระบบ.', 'c37d695c6f1144abdefa8890a921b8fb'),
('ed7e99f355a00345', '2016-12-16 08:16:50', '127.4.145.1', 'admin เข้าสู่ระบบ.', '4928155fe1db71a8065fe0b986c0af8b'),
('baa666956da7bbbd', '2016-12-16 08:19:21', '127.4.145.1', 'admin เข้าสู่ระบบ.', '4928155fe1db71a8065fe0b986c0af8b'),
('0fa48d0afd7bee0b', '2016-12-16 08:23:09', '127.4.145.1', 'admin เข้าสู่ระบบ.', '4928155fe1db71a8065fe0b986c0af8b'),
('dbeb0862bfc8ae23', '2016-12-16 08:25:01', '127.4.145.1', 'admin เข้าสู่ระบบ.', '4928155fe1db71a8065fe0b986c0af8b'),
('2a1c01fa3312a7a4', '2016-12-16 08:30:58', '127.4.145.1', 'root เข้าสู่ระบบ.', 'c37d695c6f1144abdefa8890a921b8fb'),
('2f3e2c4fe8482c72', '2016-12-16 08:40:23', '127.4.145.1', 'admin ออกจากระบบ.', '4928155fe1db71a8065fe0b986c0af8b'),
('a5e9bd82d33a8b44', '2016-12-16 08:40:32', '127.4.145.1', 'admin เข้าสู่ระบบ.', '4928155fe1db71a8065fe0b986c0af8b'),
('12ed0eb62ef6fc15', '2016-12-16 08:40:47', '127.4.145.1', 'admin ออกจากระบบ.', '4928155fe1db71a8065fe0b986c0af8b'),
('844eb9f954fcb433', '2016-12-18 07:11:22', '127.4.145.1', 'admin เข้าสู่ระบบ.', '4928155fe1db71a8065fe0b986c0af8b'),
('da75e9b4411455e4', '2016-12-18 07:11:41', '127.4.145.1', 'admin ออกจากระบบ.', '4928155fe1db71a8065fe0b986c0af8b'),
('c90b35d8db83d580', '2016-12-18 09:56:59', '127.4.145.1', 'admin เข้าสู่ระบบ.', '4928155fe1db71a8065fe0b986c0af8b'),
('b371e13620d9fb71', '2016-12-18 10:34:37', '127.4.145.1', 'admin ออกจากระบบ.', '4928155fe1db71a8065fe0b986c0af8b'),
('3fc198ffc8e31f9f', '2016-12-19 03:49:43', '127.4.145.1', 'admin เข้าสู่ระบบ.', '4928155fe1db71a8065fe0b986c0af8b'),
('769e35e1ec2ebc25', '2016-12-19 04:30:59', '127.4.145.1', 'admin ออกจากระบบ.', '4928155fe1db71a8065fe0b986c0af8b'),
('1f73f3de9461421f', '2016-12-20 02:14:06', '127.4.145.1', 'admin เข้าสู่ระบบ.', '4928155fe1db71a8065fe0b986c0af8b'),
('b35204feebe51fb6', '2016-12-20 02:50:35', '127.4.145.1', 'admin ออกจากระบบ.', '4928155fe1db71a8065fe0b986c0af8b'),
('2beb873121cf82c7', '2016-12-20 02:51:35', '127.4.145.1', 'admin เข้าสู่ระบบ.', '4928155fe1db71a8065fe0b986c0af8b'),
('96797f0d0662f5b1', '2016-12-20 02:53:06', '127.4.145.1', 'admin ออกจากระบบ.', '4928155fe1db71a8065fe0b986c0af8b'),
('71a8f12c7368cb59', '2016-12-26 03:51:08', '127.4.145.1', 'admin เข้าสู่ระบบ.', '4928155fe1db71a8065fe0b986c0af8b'),
('a233dff14fabf449', '2016-12-26 03:51:32', '127.4.145.1', 'admin ออกจากระบบ.', '4928155fe1db71a8065fe0b986c0af8b'),
('b22b93fa7eed87cf', '2017-01-01 08:19:08', '127.4.145.1', 'admin เข้าสู่ระบบ.', '4928155fe1db71a8065fe0b986c0af8b'),
('95a64e74c6b2c22a', '2017-01-01 08:19:40', '127.4.145.1', 'admin ออกจากระบบ.', '4928155fe1db71a8065fe0b986c0af8b'),
('f2e823b1076f05c3', '2017-01-11 06:32:14', '127.4.145.1', 'admin เข้าสู่ระบบ.', '4928155fe1db71a8065fe0b986c0af8b'),
('84aae9152309495d', '2017-01-11 06:32:57', '127.4.145.1', 'admin ออกจากระบบ.', '4928155fe1db71a8065fe0b986c0af8b'),
('dc50b5fafebb83d2', '2017-01-15 05:38:57', '127.4.145.1', 'root เข้าสู่ระบบ.', 'c37d695c6f1144abdefa8890a921b8fb'),
('8608f4673cf1d7dd', '2017-01-15 13:25:26', '127.4.145.1', 'admin เข้าสู่ระบบ.', '4928155fe1db71a8065fe0b986c0af8b'),
('ac8c1b5bcde34caf', '2017-01-15 13:26:12', '127.4.145.1', 'admin ออกจากระบบ.', '4928155fe1db71a8065fe0b986c0af8b'),
('4d131bc58681f5f1', '2017-01-18 02:38:07', '127.4.145.1', 'admin เข้าสู่ระบบ.', '4928155fe1db71a8065fe0b986c0af8b'),
('b80eb0cf50b2348f', '2017-02-08 07:20:49', '127.4.145.1', 'admin เข้าสู่ระบบ.', '4928155fe1db71a8065fe0b986c0af8b'),
('50caa5958eee8ccd', '2017-02-08 07:41:49', '127.4.145.1', 'admin ออกจากระบบ.', '4928155fe1db71a8065fe0b986c0af8b'),
('52c7682e7cc22b8b', '2017-02-11 09:04:20', '127.4.145.1', 'admin เข้าสู่ระบบ.', '4928155fe1db71a8065fe0b986c0af8b'),
('f94f072342825f65', '2017-02-20 03:40:28', '127.4.145.1', 'admin เข้าสู่ระบบ.', '4928155fe1db71a8065fe0b986c0af8b'),
('5846e6ae6313d2fb', '2017-03-02 08:25:27', '127.4.145.1', 'admin เข้าสู่ระบบ.', '4928155fe1db71a8065fe0b986c0af8b'),
('e345825e6d2ad71a', '2017-03-17 16:56:57', '127.4.145.1', 'admin เข้าสู่ระบบ.', '4928155fe1db71a8065fe0b986c0af8b'),
('72eb66add5f09f89', '2017-03-17 16:57:02', '127.4.145.1', 'admin เข้าสู่ระบบ.', '4928155fe1db71a8065fe0b986c0af8b'),
('d2db744845292a85', '2017-05-09 01:17:44', '127.4.145.1', 'root เข้าสู่ระบบ.', 'c37d695c6f1144abdefa8890a921b8fb'),
('3714864bafc3f1fb', '2017-05-16 06:06:19', '127.4.145.1', 'admin เข้าสู่ระบบ.', '4928155fe1db71a8065fe0b986c0af8b'),
('fb8929ab5b9d048e', '2017-06-11 05:41:22', '127.4.145.1', 'root เข้าสู่ระบบ.', 'c37d695c6f1144abdefa8890a921b8fb'),
('c674fd5ce2cf3f2e', '2017-06-11 06:47:03', '127.4.145.1', 'root เข้าสู่ระบบ.', 'c37d695c6f1144abdefa8890a921b8fb'),
('9c36229ce11c63dc', '2017-06-11 06:47:13', '127.4.145.1', 'root ออกจากระบบ.', 'c37d695c6f1144abdefa8890a921b8fb'),
('65324f5badd530c5', '2017-06-11 06:48:12', '127.4.145.1', 'root เข้าสู่ระบบ.', 'c37d695c6f1144abdefa8890a921b8fb'),
('59304c05c7b6630d', '2017-06-21 04:33:48', '127.4.145.1', 'admin เข้าสู่ระบบ.', '4928155fe1db71a8065fe0b986c0af8b'),
('7aa4e3d8449cea9f', '2017-06-29 14:04:23', '127.4.145.1', 'admin เข้าสู่ระบบ.', '4928155fe1db71a8065fe0b986c0af8b'),
('ebe188c88099b62f', '2017-07-06 08:58:36', '127.4.145.1', 'admin เข้าสู่ระบบ.', '4928155fe1db71a8065fe0b986c0af8b'),
('f2133f53879dcd16', '2017-07-06 09:06:48', '127.4.145.1', 'admin ออกจากระบบ.', '4928155fe1db71a8065fe0b986c0af8b'),
('8e57d6a8640a3104', '2017-07-15 05:02:15', '127.4.145.1', 'root เข้าสู่ระบบ.', 'c37d695c6f1144abdefa8890a921b8fb'),
('d4d3850a61dab6b3', '2017-07-15 05:02:43', '127.4.145.1', 'root ออกจากระบบ.', 'c37d695c6f1144abdefa8890a921b8fb'),
('1b8cff810c9a6b3a', '2017-07-15 05:02:47', '127.4.145.1', 'admin เข้าสู่ระบบ.', '4928155fe1db71a8065fe0b986c0af8b'),
('a740061ffe3dc33e', '2017-07-15 05:04:23', '127.4.145.1', 'admin เข้าสู่ระบบ.', '4928155fe1db71a8065fe0b986c0af8b'),
('1493a5a17a5677b9', '2017-07-17 11:06:06', '127.4.145.1', 'admin เข้าสู่ระบบ.', '4928155fe1db71a8065fe0b986c0af8b'),
('3c464463272e3448', '2017-08-08 04:37:37', '127.0.0.1', 'admin เข้าสู่ระบบ.', '4928155fe1db71a8065fe0b986c0af8b'),
('e392f47f6a5466aa', '2017-09-04 23:24:55', '127.0.0.1', 'admin เข้าสู่ระบบ.', '4928155fe1db71a8065fe0b986c0af8b'),
('ad28e82d8933f1c5', '2017-09-18 07:50:41', '127.0.0.1', 'admin เข้าสู่ระบบ.', '4928155fe1db71a8065fe0b986c0af8b'),
('4e79cfd7ed7118f5', '2017-09-18 09:02:29', '127.0.0.1', 'admin เข้าสู่ระบบ.', '4928155fe1db71a8065fe0b986c0af8b'),
('733c1fba5c0978a9', '2017-09-19 09:46:17', '127.0.0.1', 'admin เข้าสู่ระบบ.', '4928155fe1db71a8065fe0b986c0af8b'),
('eaa1b39abe8f987b', '2017-09-27 02:01:13', '127.0.0.1', 'admin เข้าสู่ระบบ.', '4928155fe1db71a8065fe0b986c0af8b'),
('e955a4a2e42eb7bd', '2017-10-03 12:31:28', '::1', 'admin เข้าสู่ระบบ.', '4928155fe1db71a8065fe0b986c0af8b'),
('8ed99ce19bd869fc', '2017-10-05 17:51:18', '::1', 'admin เข้าสู่ระบบ.', '4928155fe1db71a8065fe0b986c0af8b'),
('2d5f64f045ab9d61', '2017-10-06 00:42:21', '::1', 'admin ออกจากระบบ.', '4928155fe1db71a8065fe0b986c0af8b'),
('5090d0da4cf4e0b1', '2017-10-06 00:43:44', '::1', 'user_1 เข้าสู่ระบบ.', '3ffa07286037f8dd5508192ed7ca719e'),
('14d215005175db1f', '2017-10-06 00:43:52', '::1', 'admin เข้าสู่ระบบ.', '4928155fe1db71a8065fe0b986c0af8b'),
('417b94b5f6a8758d', '2017-10-06 00:43:54', '::1', 'admin ออกจากระบบ.', '4928155fe1db71a8065fe0b986c0af8b'),
('25eb05417df8a20b', '2017-10-06 01:17:22', '::1', 'admin เข้าสู่ระบบ.', '4928155fe1db71a8065fe0b986c0af8b'),
('af1b1157e180e4cf', '2017-10-06 01:17:26', '::1', 'admin ออกจากระบบ.', '4928155fe1db71a8065fe0b986c0af8b'),
('b72e3c033a6a68ca', '2017-10-06 01:17:50', '::1', 'admin เข้าสู่ระบบ.', '4928155fe1db71a8065fe0b986c0af8b'),
('202b3ba627e6f6e6', '2017-10-06 01:17:58', '::1', 'admin เข้าสู่ระบบ.', '4928155fe1db71a8065fe0b986c0af8b'),
('a6fbf96abb4a01f9', '2017-10-06 01:18:03', '::1', 'admin เข้าสู่ระบบ.', '4928155fe1db71a8065fe0b986c0af8b'),
('d66ffde2bee519a2', '2017-10-06 01:18:23', '::1', 'admin เข้าสู่ระบบ.', '4928155fe1db71a8065fe0b986c0af8b'),
('81c378f5999869e3', '2017-10-06 01:18:36', '::1', 'admin ออกจากระบบ.', '4928155fe1db71a8065fe0b986c0af8b'),
('53b159740599e878', '2017-10-06 01:19:28', '::1', 'root เข้าสู่ระบบ.', 'c37d695c6f1144abdefa8890a921b8fb'),
('1399bc5929a85022', '2017-10-06 01:19:31', '::1', 'root ออกจากระบบ.', 'c37d695c6f1144abdefa8890a921b8fb'),
('5dda317cb657ab6b', '2017-10-06 01:20:06', '::1', 'somchai เข้าสู่ระบบ.', 'e69f96d467377e3aed622e0e8a89f4ee'),
('388d46e6c31f9ae1', '2017-10-06 01:20:07', '::1', 'somchai เข้าสู่ระบบ.', 'e69f96d467377e3aed622e0e8a89f4ee'),
('fa2a16fd472acf66', '2017-10-06 01:20:08', '::1', 'somchai เข้าสู่ระบบ.', 'e69f96d467377e3aed622e0e8a89f4ee'),
('fa2a16fd472acf66', '2017-10-06 01:20:08', '::1', 'somchai เข้าสู่ระบบ.', 'e69f96d467377e3aed622e0e8a89f4ee'),
('53aac98cc95ca6f0', '2017-10-06 01:20:09', '::1', 'somchai เข้าสู่ระบบ.', 'e69f96d467377e3aed622e0e8a89f4ee'),
('e52d2310f7979b5a', '2017-10-06 01:20:10', '::1', 'somchai เข้าสู่ระบบ.', 'e69f96d467377e3aed622e0e8a89f4ee'),
('e52d2310f7979b5a', '2017-10-06 01:20:10', '::1', 'somchai เข้าสู่ระบบ.', 'e69f96d467377e3aed622e0e8a89f4ee'),
('4a4529f267638db3', '2017-10-06 01:20:19', '::1', 'somchai เข้าสู่ระบบ.', 'e69f96d467377e3aed622e0e8a89f4ee'),
('ba1990a8feb191ca', '2017-10-06 01:20:21', '::1', 'somchai เข้าสู่ระบบ.', 'e69f96d467377e3aed622e0e8a89f4ee'),
('ba1990a8feb191ca', '2017-10-06 01:20:21', '::1', 'somchai เข้าสู่ระบบ.', 'e69f96d467377e3aed622e0e8a89f4ee'),
('d3fa833772f7b74c', '2017-10-06 01:20:22', '::1', 'somchai เข้าสู่ระบบ.', 'e69f96d467377e3aed622e0e8a89f4ee'),
('a7f0a9aab7f161ac', '2017-10-06 01:24:47', '::1', 'somchai เข้าสู่ระบบ.', 'e69f96d467377e3aed622e0e8a89f4ee'),
('6000cd2b62913e45', '2017-10-06 01:24:48', '::1', 'somchai เข้าสู่ระบบ.', 'e69f96d467377e3aed622e0e8a89f4ee'),
('6000cd2b62913e45', '2017-10-06 01:24:48', '::1', 'somchai เข้าสู่ระบบ.', 'e69f96d467377e3aed622e0e8a89f4ee'),
('b57c8cf4fcdda99d', '2017-10-06 01:24:49', '::1', 'somchai เข้าสู่ระบบ.', 'e69f96d467377e3aed622e0e8a89f4ee'),
('01383bb9cf464265', '2017-10-06 01:24:50', '::1', 'somchai เข้าสู่ระบบ.', 'e69f96d467377e3aed622e0e8a89f4ee'),
('01383bb9cf464265', '2017-10-06 01:24:50', '::1', 'somchai เข้าสู่ระบบ.', 'e69f96d467377e3aed622e0e8a89f4ee'),
('0050999b37f93a32', '2017-10-06 01:24:51', '::1', 'somchai เข้าสู่ระบบ.', 'e69f96d467377e3aed622e0e8a89f4ee'),
('0050999b37f93a32', '2017-10-06 01:24:51', '::1', 'somchai เข้าสู่ระบบ.', 'e69f96d467377e3aed622e0e8a89f4ee'),
('2e228d159dea83de', '2017-10-06 01:24:52', '::1', 'somchai เข้าสู่ระบบ.', 'e69f96d467377e3aed622e0e8a89f4ee'),
('e6814d0fed2c2ed5', '2017-10-06 01:24:53', '::1', 'somchai เข้าสู่ระบบ.', 'e69f96d467377e3aed622e0e8a89f4ee'),
('e6814d0fed2c2ed5', '2017-10-06 01:24:53', '::1', 'somchai เข้าสู่ระบบ.', 'e69f96d467377e3aed622e0e8a89f4ee'),
('26adcba498f68165', '2017-10-06 01:24:54', '::1', 'somchai เข้าสู่ระบบ.', 'e69f96d467377e3aed622e0e8a89f4ee'),
('a93886930c9868f2', '2017-10-06 01:24:55', '::1', 'somchai เข้าสู่ระบบ.', 'e69f96d467377e3aed622e0e8a89f4ee'),
('ba4bf9d8bebfc36a', '2017-10-06 01:24:56', '::1', 'somchai เข้าสู่ระบบ.', 'e69f96d467377e3aed622e0e8a89f4ee'),
('70c15c69bb2f0a0a', '2017-10-06 01:24:57', '::1', 'somchai เข้าสู่ระบบ.', 'e69f96d467377e3aed622e0e8a89f4ee'),
('70c15c69bb2f0a0a', '2017-10-06 01:24:57', '::1', 'somchai เข้าสู่ระบบ.', 'e69f96d467377e3aed622e0e8a89f4ee'),
('ddf9dfeb09ea74a9', '2017-10-06 01:24:58', '::1', 'somchai เข้าสู่ระบบ.', 'e69f96d467377e3aed622e0e8a89f4ee'),
('ddf9dfeb09ea74a9', '2017-10-06 01:24:58', '::1', 'somchai เข้าสู่ระบบ.', 'e69f96d467377e3aed622e0e8a89f4ee'),
('d4bed5c06cba413a', '2017-10-06 01:24:59', '::1', 'somchai เข้าสู่ระบบ.', 'e69f96d467377e3aed622e0e8a89f4ee'),
('c5c6cc18bf58a783', '2017-10-06 01:25:09', '::1', 'somchai เข้าสู่ระบบ.', 'e69f96d467377e3aed622e0e8a89f4ee'),
('b7e812a5ca1848db', '2017-10-06 01:25:10', '::1', 'somchai เข้าสู่ระบบ.', 'e69f96d467377e3aed622e0e8a89f4ee'),
('64d172f70958945b', '2017-10-06 01:25:11', '::1', 'somchai เข้าสู่ระบบ.', 'e69f96d467377e3aed622e0e8a89f4ee'),
('64d172f70958945b', '2017-10-06 01:25:11', '::1', 'somchai เข้าสู่ระบบ.', 'e69f96d467377e3aed622e0e8a89f4ee'),
('382d80703f31c788', '2017-10-06 01:25:24', '::1', 'somchai เข้าสู่ระบบ.', 'e69f96d467377e3aed622e0e8a89f4ee'),
('18181be97af2c377', '2017-10-06 01:25:25', '::1', 'somchai เข้าสู่ระบบ.', 'e69f96d467377e3aed622e0e8a89f4ee'),
('bf9580827a1aa936', '2017-10-06 01:26:50', '::1', 'somchai เข้าสู่ระบบ.', 'e69f96d467377e3aed622e0e8a89f4ee'),
('a6c71b7b41c73028', '2017-10-06 01:26:51', '::1', 'somchai เข้าสู่ระบบ.', 'e69f96d467377e3aed622e0e8a89f4ee'),
('acb7b71158ef5b1b', '2017-10-06 01:26:52', '::1', 'somchai เข้าสู่ระบบ.', 'e69f96d467377e3aed622e0e8a89f4ee'),
('acb7b71158ef5b1b', '2017-10-06 01:26:52', '::1', 'somchai เข้าสู่ระบบ.', 'e69f96d467377e3aed622e0e8a89f4ee'),
('acb7b71158ef5b1b', '2017-10-06 01:26:52', '::1', 'somchai เข้าสู่ระบบ.', 'e69f96d467377e3aed622e0e8a89f4ee'),
('a7268dafb7621906', '2017-10-06 01:28:47', '::1', 'somchai เข้าสู่ระบบ.', 'e69f96d467377e3aed622e0e8a89f4ee'),
('a9ee0bf71c8f6f20', '2017-10-06 01:28:48', '::1', 'somchai เข้าสู่ระบบ.', 'e69f96d467377e3aed622e0e8a89f4ee'),
('a9ee0bf71c8f6f20', '2017-10-06 01:28:48', '::1', 'somchai เข้าสู่ระบบ.', 'e69f96d467377e3aed622e0e8a89f4ee'),
('d410e4c543ddc0c3', '2017-10-06 01:28:49', '::1', 'somchai เข้าสู่ระบบ.', 'e69f96d467377e3aed622e0e8a89f4ee'),
('d410e4c543ddc0c3', '2017-10-06 01:28:49', '::1', 'somchai เข้าสู่ระบบ.', 'e69f96d467377e3aed622e0e8a89f4ee'),
('148661233d2298ea', '2017-10-06 01:28:50', '::1', 'somchai เข้าสู่ระบบ.', 'e69f96d467377e3aed622e0e8a89f4ee'),
('0df3f2d39e4e257c', '2017-10-06 01:28:51', '::1', 'somchai เข้าสู่ระบบ.', 'e69f96d467377e3aed622e0e8a89f4ee'),
('3c4039de7f9f43b9', '2017-10-06 01:28:52', '::1', 'somchai เข้าสู่ระบบ.', 'e69f96d467377e3aed622e0e8a89f4ee'),
('7d2c55c19b0921e1', '2017-10-06 01:29:41', '::1', 'somchai เข้าสู่ระบบ.', 'e69f96d467377e3aed622e0e8a89f4ee'),
('7502ade100ca4e71', '2017-10-06 01:29:43', '::1', 'somchai เข้าสู่ระบบ.', 'e69f96d467377e3aed622e0e8a89f4ee'),
('ff55125cba4a65d0', '2017-10-06 01:30:07', '::1', 'somchai เข้าสู่ระบบ.', 'e69f96d467377e3aed622e0e8a89f4ee'),
('0a3d7d83b309509c', '2017-10-06 01:30:09', '::1', 'somchai เข้าสู่ระบบ.', 'e69f96d467377e3aed622e0e8a89f4ee'),
('8b405069e3cb8bbf', '2017-10-06 01:30:10', '::1', 'somchai เข้าสู่ระบบ.', 'e69f96d467377e3aed622e0e8a89f4ee'),
('8b405069e3cb8bbf', '2017-10-06 01:30:10', '::1', 'somchai เข้าสู่ระบบ.', 'e69f96d467377e3aed622e0e8a89f4ee'),
('6ff0a2c3443b6116', '2017-10-06 01:30:11', '::1', 'somchai เข้าสู่ระบบ.', 'e69f96d467377e3aed622e0e8a89f4ee'),
('6ff0a2c3443b6116', '2017-10-06 01:30:11', '::1', 'somchai เข้าสู่ระบบ.', 'e69f96d467377e3aed622e0e8a89f4ee'),
('0e1c5a22fc4e392a', '2017-10-06 01:30:12', '::1', 'somchai เข้าสู่ระบบ.', 'e69f96d467377e3aed622e0e8a89f4ee'),
('7e9bbb4ad1291694', '2017-10-06 01:30:13', '::1', 'somchai เข้าสู่ระบบ.', 'e69f96d467377e3aed622e0e8a89f4ee'),
('9ee7a0a613377963', '2017-10-06 01:30:14', '::1', 'somchai เข้าสู่ระบบ.', 'e69f96d467377e3aed622e0e8a89f4ee'),
('bf006979f2df1938', '2017-10-06 01:32:07', '::1', 'somchai เข้าสู่ระบบ.', 'e69f96d467377e3aed622e0e8a89f4ee'),
('b094bbac81324eca', '2017-10-06 01:32:09', '::1', 'somchai เข้าสู่ระบบ.', 'e69f96d467377e3aed622e0e8a89f4ee'),
('b094bbac81324eca', '2017-10-06 01:32:09', '::1', 'somchai เข้าสู่ระบบ.', 'e69f96d467377e3aed622e0e8a89f4ee'),
('d4b1af183eb6b0c9', '2017-10-06 01:32:10', '::1', 'somchai เข้าสู่ระบบ.', 'e69f96d467377e3aed622e0e8a89f4ee'),
('2402c4e9cf29e661', '2017-10-06 01:32:11', '::1', 'somchai เข้าสู่ระบบ.', 'e69f96d467377e3aed622e0e8a89f4ee'),
('2402c4e9cf29e661', '2017-10-06 01:32:11', '::1', 'somchai เข้าสู่ระบบ.', 'e69f96d467377e3aed622e0e8a89f4ee'),
('a41c2e08873243b2', '2017-10-06 01:32:27', '::1', 'somchai เข้าสู่ระบบ.', 'e69f96d467377e3aed622e0e8a89f4ee'),
('8d43c128360798ef', '2017-10-06 01:32:28', '::1', 'somchai เข้าสู่ระบบ.', 'e69f96d467377e3aed622e0e8a89f4ee'),
('31391449f9e1dd9a', '2017-10-06 01:32:29', '::1', 'somchai เข้าสู่ระบบ.', 'e69f96d467377e3aed622e0e8a89f4ee'),
('e001fda87be4270a', '2017-10-06 01:32:30', '::1', 'somchai เข้าสู่ระบบ.', 'e69f96d467377e3aed622e0e8a89f4ee'),
('e001fda87be4270a', '2017-10-06 01:32:30', '::1', 'somchai เข้าสู่ระบบ.', 'e69f96d467377e3aed622e0e8a89f4ee'),
('cde88c2e59f02e84', '2017-10-06 01:32:31', '::1', 'somchai เข้าสู่ระบบ.', 'e69f96d467377e3aed622e0e8a89f4ee'),
('cde88c2e59f02e84', '2017-10-06 01:32:31', '::1', 'somchai เข้าสู่ระบบ.', 'e69f96d467377e3aed622e0e8a89f4ee'),
('b08df5f2b481ba2d', '2017-10-06 01:32:32', '::1', 'somchai เข้าสู่ระบบ.', 'e69f96d467377e3aed622e0e8a89f4ee'),
('f5dc562bfd1ecc60', '2017-10-06 01:32:33', '::1', 'somchai เข้าสู่ระบบ.', 'e69f96d467377e3aed622e0e8a89f4ee'),
('f5dc562bfd1ecc60', '2017-10-06 01:32:33', '::1', 'somchai เข้าสู่ระบบ.', 'e69f96d467377e3aed622e0e8a89f4ee'),
('dfe0e1fdc6b38ccd', '2017-10-06 01:34:57', '::1', 'somchai เข้าสู่ระบบ.', 'e69f96d467377e3aed622e0e8a89f4ee'),
('ac203d0296a80cbc', '2017-10-06 01:34:59', '::1', 'somchai เข้าสู่ระบบ.', 'e69f96d467377e3aed622e0e8a89f4ee'),
('85d6cf4dcde7845a', '2017-10-06 01:35:56', '::1', 'somchai เข้าสู่ระบบ.', 'e69f96d467377e3aed622e0e8a89f4ee'),
('edcbf6a8f611e6cc', '2017-10-06 01:35:58', '::1', 'somchai เข้าสู่ระบบ.', 'e69f96d467377e3aed622e0e8a89f4ee'),
('edcbf6a8f611e6cc', '2017-10-06 01:35:58', '::1', 'somchai เข้าสู่ระบบ.', 'e69f96d467377e3aed622e0e8a89f4ee'),
('bce491523a09ffa9', '2017-10-06 01:35:59', '::1', 'somchai เข้าสู่ระบบ.', 'e69f96d467377e3aed622e0e8a89f4ee'),
('bce491523a09ffa9', '2017-10-06 01:35:59', '::1', 'somchai เข้าสู่ระบบ.', 'e69f96d467377e3aed622e0e8a89f4ee'),
('8dda7d69256478dd', '2017-10-06 01:36:00', '::1', 'somchai เข้าสู่ระบบ.', 'e69f96d467377e3aed622e0e8a89f4ee'),
('5938136c5912ba4d', '2017-10-06 02:10:40', '::1', 'somchai เข้าสู่ระบบ.', 'e69f96d467377e3aed622e0e8a89f4ee'),
('5e18c7c3e9c6d10e', '2017-10-06 02:10:41', '::1', 'somchai เข้าสู่ระบบ.', 'e69f96d467377e3aed622e0e8a89f4ee'),
('300156f8ce7de69c', '2017-10-06 02:10:42', '::1', 'somchai เข้าสู่ระบบ.', 'e69f96d467377e3aed622e0e8a89f4ee'),
('300156f8ce7de69c', '2017-10-06 02:10:42', '::1', 'somchai เข้าสู่ระบบ.', 'e69f96d467377e3aed622e0e8a89f4ee'),
('84b1ca2bdd359e69', '2017-10-06 02:10:43', '::1', 'somchai เข้าสู่ระบบ.', 'e69f96d467377e3aed622e0e8a89f4ee'),
('643e292ff49e726d', '2017-10-06 02:12:44', '::1', 'somchai เข้าสู่ระบบ.', 'e69f96d467377e3aed622e0e8a89f4ee'),
('d35972df671a7dc0', '2017-10-06 02:12:57', '::1', 'somchai เข้าสู่ระบบ.', 'e69f96d467377e3aed622e0e8a89f4ee'),
('93edc70a0072a91e', '2017-10-06 02:12:58', '::1', 'somchai เข้าสู่ระบบ.', 'e69f96d467377e3aed622e0e8a89f4ee'),
('1666dc7e9fd37209', '2017-10-06 02:12:59', '::1', 'somchai เข้าสู่ระบบ.', 'e69f96d467377e3aed622e0e8a89f4ee'),
('6e969681f49dd145', '2017-10-06 02:18:28', '::1', 'admin เข้าสู่ระบบ.', '4928155fe1db71a8065fe0b986c0af8b'),
('b8544c1e7c596519', '2017-10-06 02:51:30', '::1', 'admin เข้าสู่ระบบ.', '4928155fe1db71a8065fe0b986c0af8b');
INSERT INTO `logs` (`log_key`, `log_date`, `log_ipaddress`, `log_text`, `log_user`) VALUES
('5084620f5aaab4c1', '2017-10-06 02:57:16', '180.180.170.77', 'admin เข้าสู่ระบบ.', '4928155fe1db71a8065fe0b986c0af8b'),
('e9b79a6bbab8cdc0', '2017-10-19 11:53:35', '183.89.126.109', 'admin เข้าสู่ระบบ.', '4928155fe1db71a8065fe0b986c0af8b'),
('02c70a19bf7db598', '2017-10-19 12:43:34', '183.89.126.109', 'admin ออกจากระบบ.', '4928155fe1db71a8065fe0b986c0af8b'),
('831a9e345a3ddd9c', '2017-10-19 13:38:36', '183.89.126.109', 'admin เข้าสู่ระบบ.', '4928155fe1db71a8065fe0b986c0af8b'),
('4cc950e741d99bee', '2017-10-19 15:02:01', '183.89.126.109', 'admin ออกจากระบบ.', '4928155fe1db71a8065fe0b986c0af8b'),
('5c63fb97a61d75e8', '2017-10-19 16:07:33', '27.55.89.87', 'root เข้าสู่ระบบ.', 'c37d695c6f1144abdefa8890a921b8fb'),
('5cb3be0931f65aa1', '2017-10-20 01:28:03', '58.8.154.181', 'root เข้าสู่ระบบ.', 'c37d695c6f1144abdefa8890a921b8fb'),
('1062d7b6ed5d1500', '2017-10-20 01:29:01', '180.180.170.77', 'admin เข้าสู่ระบบ.', '4928155fe1db71a8065fe0b986c0af8b'),
('dac3de456581b52f', '2017-10-20 01:37:55', '58.8.154.181', 'root เข้าสู่ระบบ.', 'c37d695c6f1144abdefa8890a921b8fb'),
('421abb698b3b488a', '2017-10-20 01:40:57', '58.8.154.181', 'root ออกจากระบบ.', 'c37d695c6f1144abdefa8890a921b8fb'),
('6b4dd2b921f6e630', '2017-10-20 01:41:03', '58.8.154.181', 'admin เข้าสู่ระบบ.', '4928155fe1db71a8065fe0b986c0af8b'),
('e67bad5f6b1c6631', '2017-10-20 03:02:10', '58.8.154.181', 'root เข้าสู่ระบบ.', 'c37d695c6f1144abdefa8890a921b8fb'),
('ca41593aad580e61', '2017-10-20 03:28:51', '58.8.154.181', 'root เข้าสู่ระบบ.', 'c37d695c6f1144abdefa8890a921b8fb'),
('387b3b4f98e973cd', '2017-10-20 03:35:49', '180.180.170.77', 'admin เข้าสู่ระบบ.', '4928155fe1db71a8065fe0b986c0af8b'),
('4e1675c261cea630', '2017-10-20 03:55:56', '58.8.154.181', 'root เข้าสู่ระบบ.', 'c37d695c6f1144abdefa8890a921b8fb'),
('3d71e09e50b6a319', '2017-10-20 03:57:52', '58.8.154.181', 'root เข้าสู่ระบบ.', 'c37d695c6f1144abdefa8890a921b8fb'),
('1d8bf583d1695684', '2017-10-20 04:00:40', '180.180.170.77', 'admin เข้าสู่ระบบ.', '4928155fe1db71a8065fe0b986c0af8b'),
('cce33397b52db3d8', '2017-10-20 07:27:26', '180.180.170.77', 'admin เข้าสู่ระบบ.', '4928155fe1db71a8065fe0b986c0af8b'),
('3747fa888146bfa2', '2017-11-02 06:23:03', '183.89.127.192', 'admin เข้าสู่ระบบ.', '4928155fe1db71a8065fe0b986c0af8b'),
('11247032aeb79df4', '2017-11-02 09:40:46', '183.89.127.192', 'admin เข้าสู่ระบบ.', '4928155fe1db71a8065fe0b986c0af8b'),
('07e67d87a0549714', '2017-11-14 03:11:24', '115.87.153.49', 'admin เข้าสู่ระบบ.', '4928155fe1db71a8065fe0b986c0af8b');

-- --------------------------------------------------------

--
-- Table structure for table `menus`
--

CREATE TABLE IF NOT EXISTS `menus` (
  `menu_key` char(32) NOT NULL,
  `menu_upkey` char(32) NOT NULL,
  `menu_icon` varchar(256) NOT NULL,
  `menu_name` varchar(128) NOT NULL,
  `menu_case` varchar(128) NOT NULL,
  `menu_link` varchar(256) NOT NULL,
  `menu_status` tinyint(1) NOT NULL,
  `menu_sorting` int(11) NOT NULL,
  PRIMARY KEY (`menu_key`)
) ENGINE=InnoDB DEFAULT CHARSET=utf8;

--
-- Dumping data for table `menus`
--

INSERT INTO `menus` (`menu_key`, `menu_upkey`, `menu_icon`, `menu_name`, `menu_case`, `menu_link`, `menu_status`, `menu_sorting`) VALUES
('0a3c8aabc6cdbce67a157ba1701b3fa9', '0a3c8aabc6cdbce67a157ba1701b3fa9', '<i class="fa fa-pie-chart fa-fw"></i>', 'LA_MN_REPORT', 'report', '?p=report', 1, 3),
('2309e0cdb2c541bf7cb8ef0dee7b7eba', '2309e0cdb2c541bf7cb8ef0dee7b7eba', '<i class="fa fa-gear  fa-fw"></i>', 'LA_MN_SETTING', 'setting', '?p=setting', 1, 5),
('295744c466c17b46170f88b5c1b9104d', '295744c466c17b46170f88b5c1b9104d', '<i class="fa fa-list fa-fw"></i>', 'รายการส่งซ่อม/เคลม<span class=', 'card', '?p=card', 0, 10),
('a16043256ea5ca0ea86995e2b69ec238', 'a16043256ea5ca0ea86995e2b69ec238', '<i class="fa fa-home fa-fw"></i>', 'LA_MN_HOME', '', 'index.php', 1, 1),
('b15612beeab346d8359a66a03d9e00a2', 'b15612beeab346d8359a66a03d9e00a2', '<i class="fa fa-edit fa-fw"></i>', 'ครุภัณฑ์', 'asset', '?p=asset', 1, 2),
('c6c8729b45d1fec563f8453c16ff03b8', 'c6c8729b45d1fec563f8453c16ff03b8', '<i class="fa fa-lock fa-fw"></i>', 'LA_MN_LOGOUT', 'logout', '../core/logout.core.php', 1, 99),
('f1344bc0fb9c5594fa0e3d3f37a56957', 'f1344bc0fb9c5594fa0e3d3f37a56957', '<i class="fa fa-users fa-fw"></i>', 'LA_MN_MEMBERS', 'member', '?p=member', 1, 4);

-- --------------------------------------------------------

--
-- Table structure for table `source`
--

CREATE TABLE IF NOT EXISTS `source` (
  `id` int(10) NOT NULL AUTO_INCREMENT,
  `code` varchar(16) NOT NULL,
  `name` varchar(256) NOT NULL,
  PRIMARY KEY (`id`)
) ENGINE=InnoDB  DEFAULT CHARSET=utf8 AUTO_INCREMENT=3 ;

--
-- Dumping data for table `source`
--

INSERT INTO `source` (`id`, `code`, `name`) VALUES
(1, '1', 'ส่วนกลางจัดซื้อ'),
(2, '2', 'หน่วยงานจัดซื้อ');

-- --------------------------------------------------------

--
-- Table structure for table `status`
--

CREATE TABLE IF NOT EXISTS `status` (
  `id` int(10) NOT NULL AUTO_INCREMENT,
  `code` varchar(16) NOT NULL,
  `name` varchar(256) NOT NULL,
  PRIMARY KEY (`id`)
) ENGINE=InnoDB  DEFAULT CHARSET=utf8 AUTO_INCREMENT=8 ;

--
-- Dumping data for table `status`
--

INSERT INTO `status` (`id`, `code`, `name`) VALUES
(1, '1', 'รับเพิ่มภายในปี 80-100'),
(2, '2', 'ใช้งานมาระยะหนึ่ง 60-79'),
(5, '3', 'ซ่อมแซมหลายครั้งแล้ว 40-59'),
(6, '4', 'จำเป็นต้องซ่อมแซมไว้ใช้งาน 20-39'),
(7, '5', 'เสื่อมสภาพไม่สามารถใช้งานได้ 0-19');

-- --------------------------------------------------------

--
-- Table structure for table `system_font_size`
--

CREATE TABLE IF NOT EXISTS `system_font_size` (
  `font_key` char(32) NOT NULL,
  `font_name` varchar(128) NOT NULL,
  `font_size_text` text NOT NULL,
  `font_status` tinyint(1) NOT NULL
) ENGINE=InnoDB DEFAULT CHARSET=utf8;

--
-- Dumping data for table `system_font_size`
--

INSERT INTO `system_font_size` (`font_key`, `font_name`, `font_size_text`, `font_status`) VALUES
('6c3ca25445248c1dff79d51ad9fa4082', '14px', 'font-size:14px;', 1),
('74af75636b4e933684d63b617c97f398', '24px', 'font-size:24px;', 1),
('bffeb9ae0d04ffc7affc3701f9858932', '22px', 'font-size:22px;', 1),
('dd7e28065e654467be0f9c16f3bd987d', '16px', 'font-size:16px;', 1),
('e215155479796a0bdcad2326ffca09c7', '18px', 'font-size:18px;', 1),
('ff9ec5b758824e67edcf5ecc7e635f6f', '20px', 'font-size:20px;', 1);

-- --------------------------------------------------------

--
-- Table structure for table `system_info`
--

CREATE TABLE IF NOT EXISTS `system_info` (
  `site_key` char(32) NOT NULL,
  `site_logo` varchar(256) NOT NULL,
  `site_favicon` varchar(256) NOT NULL,
  `time_zone` varchar(128) NOT NULL,
  `year_type` varchar(16) NOT NULL,
  `year_format` varchar(32) NOT NULL,
  `booking_logo_en` varchar(128) NOT NULL,
  `booking_title_en` varchar(128) NOT NULL,
  `booking_note1_en` text NOT NULL,
  `booking_note2_en` text NOT NULL,
  `booking_logo_th` varchar(128) NOT NULL,
  `booking_title_th` varchar(128) NOT NULL,
  `booking_note1_th` text NOT NULL,
  `booking_note2_th` text NOT NULL,
  `reciept_logo_en` varchar(128) NOT NULL,
  `reciept_title_en` varchar(128) NOT NULL,
  `reciept_note1_en` text NOT NULL,
  `reciept_note2_en` text NOT NULL,
  `reciept_logo_th` varchar(128) NOT NULL,
  `reciept_title_th` varchar(128) NOT NULL,
  `reciept_note1_th` text NOT NULL,
  `reciept_note2_th` text NOT NULL
) ENGINE=InnoDB DEFAULT CHARSET=utf8;

--
-- Dumping data for table `system_info`
--

INSERT INTO `system_info` (`site_key`, `site_logo`, `site_favicon`, `time_zone`, `year_type`, `year_format`, `booking_logo_en`, `booking_title_en`, `booking_note1_en`, `booking_note2_en`, `booking_logo_th`, `booking_title_th`, `booking_note1_th`, `booking_note2_th`, `reciept_logo_en`, `reciept_title_en`, `reciept_note1_en`, `reciept_note2_en`, `reciept_logo_th`, `reciept_title_th`, `reciept_note1_th`, `reciept_note2_th`) VALUES
('8f411b77c389d5de467af8f2c0e91cda', 'Banner.png', 'Logo_64px.png', 'Asia/Bangkok', 'BE', '3', 'logo.png', 'Booking Slip', 'Name..............................................<br/>Address..............................................................................<br/>Tel................................................................', '', 'logo.png', 'ใบจองห้องพัก', 'ชื่อ..............................................<br/>ที่อยู่..............................................................................<br/>โทร................................................................', '', 'logo.png', 'Reciept', 'Name..............................................<br/>Address..............................................................................<br/>Tel................................................................', '', 'logo.png', 'ใบเสร็จรับเงิน', 'ชื่อ..............................................<br/>ที่อยู่..............................................................................<br/>โทร................................................................', '');

-- --------------------------------------------------------

--
-- Table structure for table `unit`
--

CREATE TABLE IF NOT EXISTS `unit` (
  `id` int(10) NOT NULL AUTO_INCREMENT,
  `name` varchar(256) NOT NULL,
  PRIMARY KEY (`id`)
) ENGINE=InnoDB  DEFAULT CHARSET=utf8 AUTO_INCREMENT=11 ;

--
-- Dumping data for table `unit`
--

INSERT INTO `unit` (`id`, `name`) VALUES
(2, 'ใบ'),
(3, 'เครื่อง'),
(4, 'หลัง'),
(5, 'ตัว'),
(6, 'ชุด'),
(7, 'ตู้'),
(8, 'ม้วน'),
(9, 'ผืน'),
(10, 'อัน');

-- --------------------------------------------------------

--
-- Table structure for table `user`
--

CREATE TABLE IF NOT EXISTS `user` (
  `user_key` char(32) NOT NULL,
  `name` varchar(64) NOT NULL,
  `lastname` varchar(64) NOT NULL,
  `username` varchar(64) NOT NULL,
  `password` varchar(32) NOT NULL,
  `user_photo` varchar(128) NOT NULL DEFAULT 'noimg.jpg',
  `user_class` tinyint(1) NOT NULL DEFAULT '0' COMMENT '0=viewer, 1=user,2=admin,3=super admin',
  `bed_view` varchar(64) NOT NULL DEFAULT 'box_view',
  `user_language` varchar(8) NOT NULL DEFAULT 'th',
  `system_font_size` varchar(32) NOT NULL DEFAULT 'dd7e28065e654467be0f9c16f3bd987d',
  `email` varchar(128) NOT NULL,
  `user_status` tinyint(1) NOT NULL DEFAULT '1',
  PRIMARY KEY (`user_key`),
  UNIQUE KEY `user_key` (`user_key`),
  UNIQUE KEY `user_key_2` (`user_key`)
) ENGINE=MyISAM DEFAULT CHARSET=utf8;

--
-- Dumping data for table `user`
--

INSERT INTO `user` (`user_key`, `name`, `lastname`, `username`, `password`, `user_photo`, `user_class`, `bed_view`, `user_language`, `system_font_size`, `email`, `user_status`) VALUES
('c37d695c6f1144abdefa8890a921b8fb', 'Super', 'Admin', 'root', '5420898fa90992128d1d772657ea8ece', '13308775c29bbbd010880760de37b03c.jpeg', 3, 'box_view', 'th', 'dd7e28065e654467be0f9c16f3bd987d', 'iceoton@gmail.com', 1),
('4928155fe1db71a8065fe0b986c0af8b', 'Mr.Nopparat', 'Nakmee', 'admin', 'deaad792606928825c0bf85cd46e9edf', 'e9f67a02c4cdbb981465a14ad6e1cada.jpg', 2, 'box_view', 'th', '6c3ca25445248c1dff79d51ad9fa4082', 'nopparat1966@gmail.com', 1),
('3ffa07286037f8dd5508192ed7ca719e', 'นายเจ้าหน้าที่', 'รักงาน', 'user_1', 'deaad792606928825c0bf85cd46e9edf', 'noimg.jpg', 1, 'box_view', 'th', 'dd7e28065e654467be0f9c16f3bd987d', 'user_1@email.com', 1),
('e69f96d467377e3aed622e0e8a89f4ee', 'สมชาย', 'มาดี', 'somchai', 'deaad792606928825c0bf85cd46e9edf', 'noimg.jpg', 1, 'box_view', 'th', 'dd7e28065e654467be0f9c16f3bd987d', 'somchai@email.com', 1),
('c9a2e15e02e675c3f7feb79e6590958e', 'เจ้านาย', 'ใจดี', 'boss1', 'd42fdf08b5ce184d2fb4d8f48fd7d277', 'noimg.jpg', 0, 'box_view', 'th', 'dd7e28065e654467be0f9c16f3bd987d', 'boss1@email.com', 1);

-- --------------------------------------------------------

--
-- Table structure for table `user_online`
--

CREATE TABLE IF NOT EXISTS `user_online` (
  `osession` varchar(128) CHARACTER SET utf8 NOT NULL DEFAULT '',
  `user_key` varchar(32) CHARACTER SET utf8 NOT NULL,
  `otime` int(11) NOT NULL DEFAULT '0'
) ENGINE=InnoDB DEFAULT CHARSET=latin1;

--
-- Dumping data for table `user_online`
--

INSERT INTO `user_online` (`osession`, `user_key`, `otime`) VALUES
('r5pnhltba690i2ok6686kdtgh1', '4928155fe1db71a8065fe0b986c0af8b', 1510629096);

--
-- Constraints for dumped tables
--

--
-- Constraints for table `asset`
--
ALTER TABLE `asset`
  ADD CONSTRAINT `asset_ibfk_1` FOREIGN KEY (`category_id`) REFERENCES `category` (`id`) ON UPDATE CASCADE,
  ADD CONSTRAINT `asset_ibfk_2` FOREIGN KEY (`location_id`) REFERENCES `location` (`id`) ON UPDATE CASCADE,
  ADD CONSTRAINT `asset_ibfk_3` FOREIGN KEY (`source_id`) REFERENCES `source` (`id`) ON UPDATE CASCADE,
  ADD CONSTRAINT `asset_ibfk_4` FOREIGN KEY (`status_id`) REFERENCES `status` (`id`) ON UPDATE CASCADE,
  ADD CONSTRAINT `asset_ibfk_5` FOREIGN KEY (`unit_id`) REFERENCES `unit` (`id`) ON UPDATE CASCADE,
  ADD CONSTRAINT `asset_ibfk_6` FOREIGN KEY (`type_id`) REFERENCES `asset_type` (`id`);

--
-- Constraints for table `asset_management`
--
ALTER TABLE `asset_management`
  ADD CONSTRAINT `asset_management_ibfk_1` FOREIGN KEY (`asset_id`) REFERENCES `asset` (`id`) ON DELETE CASCADE ON UPDATE CASCADE;

/*!40101 SET CHARACTER_SET_CLIENT=@OLD_CHARACTER_SET_CLIENT */;
/*!40101 SET CHARACTER_SET_RESULTS=@OLD_CHARACTER_SET_RESULTS */;
/*!40101 SET COLLATION_CONNECTION=@OLD_COLLATION_CONNECTION */;
